Condition,Receptor,Assay Mode,Fixed Carbachol (nM),Compound,Well,Plate Row,Replicate,Condition Label,Concentration (log M),Concentration (M),Corrected Fluorescence,B/B0,Measured cAMP (pmol/mL),Real-sample cAMP (pmol/mL),Standard-curve Linear Range Flag,Is Control,Normalized Response,Normalized Endpoint
Carbachol dose titration (M2),M2,Carbachol agonism,,Carbachol,A2,A,1,Vehicle Control,,,0.265,0.2988505747126437,36.9533813912986,184.766906956493,Within 20–80% B/B0,True,95.57201799279102,cAMP (% Vehicle Control)
Carbachol dose titration (M2),M2,Carbachol agonism,,Carbachol,A3,A,1,-5.0,-5.0,1e-05,0.359,0.4789272030651341,12.6793937583197,63.396968791598496,Within 20–80% B/B0,False,32.79254029762899,cAMP (% Vehicle Control)
Carbachol dose titration (M2),M2,Carbachol agonism,,Carbachol,A4,A,1,-6.0,-6.0,1e-06,0.339,0.4406130268199234,15.71810666117701,78.59053330588506,Within 20–80% B/B0,False,40.651521351395,cAMP (% Vehicle Control)
Carbachol dose titration (M2),M2,Carbachol agonism,,Carbachol,A5,A,1,-7.0,-7.0,1e-07,0.319,0.40229885057471265,19.56355591060217,97.81777955301084,Within 20–80% B/B0,False,50.59695343418039,cAMP (% Vehicle Control)
Carbachol dose titration (M2),M2,Carbachol agonism,,Carbachol,A6,A,1,-8.0,-8.0,1e-08,0.3,0.36590038314176243,24.239148493105713,121.19574246552857,Within 20–80% B/B0,False,62.689373710696955,cAMP (% Vehicle Control)
Carbachol dose titration (M2),M2,Carbachol agonism,,Carbachol,A7,A,1,-9.0,-9.0,1e-09,0.283,0.3333333333333333,29.5903619533245,147.9518097666225,Within 20–80% B/B0,False,76.52914289684566,cAMP (% Vehicle Control)
Carbachol dose titration (M2),M2,Carbachol agonism,,Carbachol,A8,A,1,-10.0,-10.0,1e-10,0.266,0.30076628352490425,36.486921620867655,182.43460810433828,Within 20–80% B/B0,False,94.36561955524408,cAMP (% Vehicle Control)
Carbachol dose titration (M2),M2,Carbachol agonism,,Carbachol,A9,A,1,-11.0,-11.0,1e-11,0.256,0.2816091954022989,41.52068401038426,207.6034200519213,Within 20–80% B/B0,False,107.38436943818702,cAMP (% Vehicle Control)
Carbachol dose titration (M2),M2,Carbachol agonism,,Carbachol,B2,B,2,Vehicle Control,,,0.281,0.3295019157088123,30.311246627506765,151.55623313753384,Within 20–80% B/B0,True,78.39355693577033,cAMP (% Vehicle Control)
Carbachol dose titration (M2),M2,Carbachol agonism,,Carbachol,B3,B,2,-5.0,-5.0,1e-05,0.311,0.38697318007662834,21.391148263634364,106.95574131817182,Within 20–80% B/B0,False,55.3236302001829,cAMP (% Vehicle Control)
Carbachol dose titration (M2),M2,Carbachol agonism,,Carbachol,B4,B,2,-6.0,-6.0,1e-06,0.326,0.4157088122605364,18.109513723910563,90.54756861955282,Within 20–80% B/B0,False,46.83638428470902,cAMP (% Vehicle Control)
Carbachol dose titration (M2),M2,Carbachol agonism,,Carbachol,B5,B,2,-7.0,-7.0,1e-07,0.323,0.4099616858237548,18.717170623033898,93.58585311516948,Within 20–80% B/B0,False,48.40795889872076,cAMP (% Vehicle Control)
Carbachol dose titration (M2),M2,Carbachol agonism,,Carbachol,B6,B,2,-8.0,-8.0,1e-08,0.3,0.36590038314176243,24.239148493105713,121.19574246552857,Within 20–80% B/B0,False,62.689373710696955,cAMP (% Vehicle Control)
Carbachol dose titration (M2),M2,Carbachol agonism,,Carbachol,B7,B,2,-9.0,-9.0,1e-09,0.252,0.27394636015325674,43.78819699704007,218.94098498520034,Within 20–80% B/B0,False,113.24880684013438,cAMP (% Vehicle Control)
Carbachol dose titration (M2),M2,Carbachol agonism,,Carbachol,B8,B,2,-10.0,-10.0,1e-10,0.26,0.28927203065134105,39.40496440494958,197.0248220247479,Within 20–80% B/B0,False,101.91251315371946,cAMP (% Vehicle Control)
Carbachol dose titration (M2),M2,Carbachol agonism,,Carbachol,B9,B,2,-11.0,-11.0,1e-11,0.271,0.31034482758620696,34.264598617773636,171.32299308886817,Within 20–80% B/B0,False,88.61805638129574,cAMP (% Vehicle Control)
Carbachol dose titration (M2),M2,Carbachol agonism,,Carbachol,C2,C,3,Vehicle Control,,,0.258,0.28544061302681994,40.44473031900998,202.2236515950499,Within 20–80% B/B0,True,104.60164532256263,cAMP (% Vehicle Control)
Carbachol dose titration (M2),M2,Carbachol agonism,,Carbachol,C3,C,3,-5.0,-5.0,1e-05,0.326,0.4157088122605364,18.109513723910563,90.54756861955282,Within 20–80% B/B0,False,46.83638428470902,cAMP (% Vehicle Control)
Carbachol dose titration (M2),M2,Carbachol agonism,,Carbachol,C4,C,3,-6.0,-6.0,1e-06,0.304,0.3735632183908046,23.15459755749472,115.77298778747361,Within 20–80% B/B0,False,59.88441466149019,cAMP (% Vehicle Control)
Carbachol dose titration (M2),M2,Carbachol agonism,,Carbachol,C5,C,3,-7.0,-7.0,1e-07,0.371,0.5019157088122606,11.155209858859784,55.77604929429892,Within 20–80% B/B0,False,28.85056460882758,cAMP (% Vehicle Control)
Carbachol dose titration (M2),M2,Carbachol agonism,,Carbachol,C6,C,3,-8.0,-8.0,1e-08,0.261,0.29118773946360155,38.898137763930514,194.49068881965258,Within 20–80% B/B0,False,100.60171443839255,cAMP (% Vehicle Control)
Carbachol dose titration (M2),M2,Carbachol agonism,,Carbachol,C7,C,3,-9.0,-9.0,1e-09,0.3,0.36590038314176243,24.239148493105713,121.19574246552857,Within 20–80% B/B0,False,62.689373710696955,cAMP (% Vehicle Control)
Carbachol dose titration (M2),M2,Carbachol agonism,,Carbachol,C8,C,3,-10.0,-10.0,1e-10,0.247,0.26436781609195403,46.859414693576056,234.2970734678803,Within 20–80% B/B0,False,121.19185459116459,cAMP (% Vehicle Control)
Carbachol dose titration (M2),M2,Carbachol agonism,,Carbachol,C9,C,3,-11.0,-11.0,1e-11,0.288,0.34291187739463597,27.878803826782114,139.39401913391058,Within 20–80% B/B0,False,72.10256384218481,cAMP (% Vehicle Control)
Carbachol dose titration (M2),M2,Carbachol agonism,,Carbachol,D2,D,4,Vehicle Control,,,0.282,0.33141762452107276,29.948110006861235,149.74055003430618,Within 20–80% B/B0,True,77.4543817281032,cAMP (% Vehicle Control)
Carbachol dose titration (M2),M2,Carbachol agonism,,Carbachol,D3,D,4,-5.0,-5.0,1e-05,0.35,0.4616858237547892,13.961856215401692,69.80928107700846,Within 20–80% B/B0,False,36.10935517108953,cAMP (% Vehicle Control)
Carbachol dose titration (M2),M2,Carbachol agonism,,Carbachol,D4,D,4,-6.0,-6.0,1e-06,0.349,0.4597701149425287,14.112516624967784,70.56258312483892,Within 20–80% B/B0,False,36.49900609968472,cAMP (% Vehicle Control)
Carbachol dose titration (M2),M2,Carbachol agonism,,Carbachol,D5,D,4,-7.0,-7.0,1e-07,0.377,0.5134099616858238,10.463445825476995,52.31722912738498,Within 20–80% B/B0,False,27.061464879491496,cAMP (% Vehicle Control)
Carbachol dose titration (M2),M2,Carbachol agonism,,Carbachol,D6,D,4,-8.0,-8.0,1e-08,0.264,0.2969348659003832,37.42755645041497,187.13778225207483,Within 20–80% B/B0,False,96.79837037450494,cAMP (% Vehicle Control)
Carbachol dose titration (M2),M2,Carbachol agonism,,Carbachol,D7,D,4,-9.0,-9.0,1e-09,0.292,0.3505747126436781,26.596341437916813,132.98170718958406,Within 20–80% B/B0,False,68.78574914515214,cAMP (% Vehicle Control)
Carbachol dose titration (M2),M2,Carbachol agonism,,Carbachol,D8,D,4,-10.0,-10.0,1e-10,0.3,0.36590038314176243,24.239148493105713,121.19574246552857,Within 20–80% B/B0,False,62.689373710696955,cAMP (% Vehicle Control)
Carbachol dose titration (M2),M2,Carbachol agonism,,Carbachol,D9,D,4,-11.0,-11.0,1e-11,0.289,0.3448275862068965,27.551235331546103,137.75617665773052,Within 20–80% B/B0,False,71.25537798416914,cAMP (% Vehicle Control)
Carbachol dose titration (M2),M2,Carbachol agonism,,Carbachol,E2,E,5,Vehicle Control,,,0.3,0.36590038314176243,24.239148493105713,121.19574246552857,Within 20–80% B/B0,True,62.689373710696955,cAMP (% Vehicle Control)
Carbachol dose titration (M2),M2,Carbachol agonism,,Carbachol,E3,E,5,-5.0,-5.0,1e-05,0.297,0.36015325670498083,25.092435561024487,125.46217780512244,Within 20–80% B/B0,False,64.89621822499495,cAMP (% Vehicle Control)
Carbachol dose titration (M2),M2,Carbachol agonism,,Carbachol,E4,E,5,-6.0,-6.0,1e-06,0.32,0.4042145593869732,19.34795513446326,96.7397756723163,Within 20–80% B/B0,False,50.03934813581223,cAMP (% Vehicle Control)
Carbachol dose titration (M2),M2,Carbachol agonism,,Carbachol,E5,E,5,-7.0,-7.0,1e-07,0.349,0.4597701149425287,14.112516624967784,70.56258312483892,Within 20–80% B/B0,False,36.49900609968472,cAMP (% Vehicle Control)
Carbachol dose titration (M2),M2,Carbachol agonism,,Carbachol,E6,E,5,-8.0,-8.0,1e-08,0.333,0.4291187739463602,16.775546120909723,83.87773060454862,Within 20–80% B/B0,False,43.38636236639502,cAMP (% Vehicle Control)
Carbachol dose titration (M2),M2,Carbachol agonism,,Carbachol,E7,E,5,-9.0,-9.0,1e-09,0.255,0.27969348659003834,42.07276888715497,210.36384443577487,Within 20–80% B/B0,False,108.81221890120541,cAMP (% Vehicle Control)
Carbachol dose titration (M2),M2,Carbachol agonism,,Carbachol,E8,E,5,-10.0,-10.0,1e-10,0.259,0.2873563218390805,39.920428232148275,199.60214116074138,Within 20–80% B/B0,False,103.245650103922,cAMP (% Vehicle Control)
Carbachol dose titration (M2),M2,Carbachol agonism,,Carbachol,E9,E,5,-11.0,-11.0,1e-11,0.279,0.32567049808429127,31.054126906892353,155.27063453446178,Within 20–80% B/B0,False,80.31485790349848,cAMP (% Vehicle Control)
Carbachol dose titration (M2),M2,Carbachol agonism,,Carbachol,F2,F,6,Vehicle Control,,,0.268,0.30459770114942536,35.576476630078105,177.88238315039052,Within 20–80% B/B0,True,92.01094829742856,cAMP (% Vehicle Control)
Carbachol dose titration (M2),M2,Carbachol agonism,,Carbachol,F3,F,6,-5.0,-5.0,1e-05,0.386,0.5306513409961686,9.503784090327247,47.518920451636234,Within 20–80% B/B0,False,24.579505038048637,cAMP (% Vehicle Control)
Carbachol dose titration (M2),M2,Carbachol agonism,,Carbachol,F4,F,6,-6.0,-6.0,1e-06,0.35,0.4616858237547892,13.961856215401692,69.80928107700846,Within 20–80% B/B0,False,36.10935517108953,cAMP (% Vehicle Control)
Carbachol dose titration (M2),M2,Carbachol agonism,,Carbachol,F5,F,6,-7.0,-7.0,1e-07,0.349,0.4597701149425287,14.112516624967784,70.56258312483892,Within 20–80% B/B0,False,36.49900609968472,cAMP (% Vehicle Control)
Carbachol dose titration (M2),M2,Carbachol agonism,,Carbachol,F6,F,6,-8.0,-8.0,1e-08,0.289,0.3448275862068965,27.551235331546103,137.75617665773052,Within 20–80% B/B0,False,71.25537798416914,cAMP (% Vehicle Control)
Carbachol dose titration (M2),M2,Carbachol agonism,,Carbachol,F7,F,6,-9.0,-9.0,1e-09,0.3,0.36590038314176243,24.239148493105713,121.19574246552857,Within 20–80% B/B0,False,62.689373710696955,cAMP (% Vehicle Control)
Carbachol dose titration (M2),M2,Carbachol agonism,,Carbachol,F8,F,6,-10.0,-10.0,1e-10,0.265,0.2988505747126437,36.9533813912986,184.766906956493,Within 20–80% B/B0,False,95.57201799279102,cAMP (% Vehicle Control)
Carbachol dose titration (M2),M2,Carbachol agonism,,Carbachol,F9,F,6,-11.0,-11.0,1e-11,0.282,0.33141762452107276,29.948110006861235,149.74055003430618,Within 20–80% B/B0,False,77.4543817281032,cAMP (% Vehicle Control)
Carbachol dose titration (M2),M2,Carbachol agonism,,Carbachol,G2,G,7,Vehicle Control,,,0.253,0.27586206896551724,43.20628811620577,216.03144058102885,Within 20–80% B/B0,True,111.74382396886847,cAMP (% Vehicle Control)
Carbachol dose titration (M2),M2,Carbachol agonism,,Carbachol,G3,G,7,-5.0,-5.0,1e-05,0.397,0.5517241379310345,8.444668002266749,42.22334001133375,Within 20–80% B/B0,False,21.840327782448234,cAMP (% Vehicle Control)
Carbachol dose titration (M2),M2,Carbachol agonism,,Carbachol,G4,G,7,-6.0,-6.0,1e-06,0.361,0.48275862068965514,12.411370381836456,62.05685190918228,Within 20–80% B/B0,False,32.09935515474577,cAMP (% Vehicle Control)
Carbachol dose titration (M2),M2,Carbachol agonism,,Carbachol,G5,G,7,-7.0,-7.0,1e-07,0.38,0.5191570881226054,10.133563446656815,50.667817233284076,Within 20–80% B/B0,False,26.208294656440383,cAMP (% Vehicle Control)
Carbachol dose titration (M2),M2,Carbachol agonism,,Carbachol,G6,G,7,-8.0,-8.0,1e-08,0.3,0.36590038314176243,24.239148493105713,121.19574246552857,Within 20–80% B/B0,False,62.689373710696955,cAMP (% Vehicle Control)
Carbachol dose titration (M2),M2,Carbachol agonism,,Carbachol,G7,G,7,-9.0,-9.0,1e-09,0.259,0.2873563218390805,39.920428232148275,199.60214116074138,Within 20–80% B/B0,False,103.245650103922,cAMP (% Vehicle Control)
Carbachol dose titration (M2),M2,Carbachol agonism,,Carbachol,G8,G,7,-10.0,-10.0,1e-10,0.255,0.27969348659003834,42.07276888715497,210.36384443577487,Within 20–80% B/B0,False,108.81221890120541,cAMP (% Vehicle Control)
Carbachol dose titration (M2),M2,Carbachol agonism,,Carbachol,G9,G,7,-11.0,-11.0,1e-11,0.253,0.27586206896551724,43.20628811620577,216.03144058102885,Within 20–80% B/B0,False,111.74382396886847,cAMP (% Vehicle Control)
Carbachol dose titration (M2),M2,Carbachol agonism,,Carbachol,H2,H,8,Vehicle Control,,,0.221,0.21455938697318008,68.64447422557873,343.22237112789367,Within 20–80% B/B0,True,177.53425204377876,cAMP (% Vehicle Control)
Carbachol dose titration (M2),M2,Carbachol agonism,,Carbachol,H3,H,8,-5.0,-5.0,1e-05,0.326,0.4157088122605364,18.109513723910563,90.54756861955282,Within 20–80% B/B0,False,46.83638428470902,cAMP (% Vehicle Control)
Carbachol dose titration (M2),M2,Carbachol agonism,,Carbachol,H4,H,8,-6.0,-6.0,1e-06,0.364,0.4885057471264368,12.020166061047352,60.100830305236755,Within 20–80% B/B0,False,31.087588843311078,cAMP (% Vehicle Control)
Carbachol dose titration (M2),M2,Carbachol agonism,,Carbachol,H5,H,8,-7.0,-7.0,1e-07,0.352,0.46551724137931033,13.665598823246286,68.32799411623144,Within 20–80% B/B0,False,35.343148784892875,cAMP (% Vehicle Control)
Carbachol dose titration (M2),M2,Carbachol agonism,,Carbachol,H6,H,8,-8.0,-8.0,1e-08,0.3,0.36590038314176243,24.239148493105713,121.19574246552857,Within 20–80% B/B0,False,62.689373710696955,cAMP (% Vehicle Control)
Carbachol dose titration (M2),M2,Carbachol agonism,,Carbachol,H7,H,8,-9.0,-9.0,1e-09,0.249,0.26819923371647514,45.59752638818426,227.9876319409213,Within 20–80% B/B0,False,117.92825036099268,cAMP (% Vehicle Control)
Carbachol dose titration (M2),M2,Carbachol agonism,,Carbachol,H8,H,8,-10.0,-10.0,1e-10,0.27,0.3084291187739464,34.694925073040196,173.47462536520098,Within 20–80% B/B0,False,89.73100372676367,cAMP (% Vehicle Control)
Carbachol dose titration (M2),M2,Carbachol agonism,,Carbachol,H9,H,8,-11.0,-11.0,1e-11,0.259,0.2873563218390805,39.920428232148275,199.60214116074138,Within 20–80% B/B0,False,103.245650103922,cAMP (% Vehicle Control)
PAC-3310 dose titration (M2),M2,PAC-3310 agonism,,PAC-3310,A2,A,1,Vehicle Control,,,0.253,0.21279761904761907,52.78288915737664,263.91444578688316,Within 20–80% B/B0,True,138.6363334072028,cAMP (% Vehicle Control)
PAC-3310 dose titration (M2),M2,PAC-3310 agonism,,PAC-3310,A3,A,1,-5.0,-5.0,1e-05,0.303,0.28720238095238093,31.96130039236843,159.80650196184214,Within 20–80% B/B0,False,83.94761196403552,cAMP (% Vehicle Control)
PAC-3310 dose titration (M2),M2,PAC-3310 agonism,,PAC-3310,A4,A,1,-6.0,-6.0,1e-06,0.284,0.2589285714285714,38.23203834208157,191.16019171040787,Within 20–80% B/B0,False,100.41795170829592,cAMP (% Vehicle Control)
PAC-3310 dose titration (M2),M2,PAC-3310 agonism,,PAC-3310,A5,A,1,-7.0,-7.0,1e-07,0.266,0.23214285714285718,45.858078002257145,229.29039001128572,Within 20–80% B/B0,False,120.44804467559034,cAMP (% Vehicle Control)
PAC-3310 dose titration (M2),M2,PAC-3310 agonism,,PAC-3310,A6,A,1,-8.0,-8.0,1e-08,0.268,0.23511904761904764,44.90992914694281,224.54964573471403,Within 20–80% B/B0,False,117.95769443286125,cAMP (% Vehicle Control)
PAC-3310 dose titration (M2),M2,PAC-3310 agonism,,PAC-3310,A7,A,1,-9.0,-9.0,1e-09,0.248,0.20535714285714285,55.854183402891515,279.27091701445755,Within 20–80% B/B0,False,146.70320848376952,cAMP (% Vehicle Control)
PAC-3310 dose titration (M2),M2,PAC-3310 agonism,,PAC-3310,A8,A,1,-10.0,-10.0,1e-10,0.225,0.17113095238095238,74.0619398512322,370.30969925616097,Outside 20–80% B/B0,False,194.5265965905293,cAMP (% Vehicle Control)
PAC-3310 dose titration (M2),M2,PAC-3310 agonism,,PAC-3310,A9,A,1,-11.0,-11.0,1e-11,0.261,0.22470238095238096,48.3572415414735,241.7862077073675,Within 20–80% B/B0,False,127.01219596008862,cAMP (% Vehicle Control)
PAC-3310 dose titration (M2),M2,PAC-3310 agonism,,PAC-3310,B2,B,2,Vehicle Control,,,0.305,0.2901785714285714,31.38434817815018,156.9217408907509,Within 20–80% B/B0,True,82.43222429186967,cAMP (% Vehicle Control)
PAC-3310 dose titration (M2),M2,PAC-3310 agonism,,PAC-3310,B3,B,2,-5.0,-5.0,1e-05,0.329,0.32589285714285715,25.419980987147635,127.09990493573818,Within 20–80% B/B0,False,66.7665793896097,cAMP (% Vehicle Control)
PAC-3310 dose titration (M2),M2,PAC-3310 agonism,,PAC-3310,B4,B,2,-6.0,-6.0,1e-06,0.312,0.3005952380952381,29.470808093430218,147.3540404671511,Within 20–80% B/B0,False,77.40623603301725,cAMP (% Vehicle Control)
PAC-3310 dose titration (M2),M2,PAC-3310 agonism,,PAC-3310,B5,B,2,-7.0,-7.0,1e-07,0.265,0.23065476190476192,46.34287918267394,231.71439591336969,Within 20–80% B/B0,False,121.72139403477516,cAMP (% Vehicle Control)
PAC-3310 dose titration (M2),M2,PAC-3310 agonism,,PAC-3310,B6,B,2,-8.0,-8.0,1e-08,0.23,0.17857142857142858,69.41313437687045,347.06567188435224,Outside 20–80% B/B0,False,182.31632625524634,cAMP (% Vehicle Control)
PAC-3310 dose titration (M2),M2,PAC-3310 agonism,,PAC-3310,B7,B,2,-9.0,-9.0,1e-09,0.245,0.20089285714285715,57.824382731711495,289.12191365855745,Within 20–80% B/B0,False,151.87801447467578,cAMP (% Vehicle Control)
PAC-3310 dose titration (M2),M2,PAC-3310 agonism,,PAC-3310,B8,B,2,-10.0,-10.0,1e-10,0.236,0.1875,64.39373985640964,321.9686992820482,Outside 20–80% B/B0,False,169.13268922154597,cAMP (% Vehicle Control)
PAC-3310 dose titration (M2),M2,PAC-3310 agonism,,PAC-3310,B9,B,2,-11.0,-11.0,1e-11,0.266,0.23214285714285718,45.858078002257145,229.29039001128572,Within 20–80% B/B0,False,120.44804467559034,cAMP (% Vehicle Control)
PAC-3310 dose titration (M2),M2,PAC-3310 agonism,,PAC-3310,C2,C,3,Vehicle Control,,,0.301,0.28422619047619047,32.552539325641355,162.76269662820678,Within 20–80% B/B0,True,85.5005242654473,cAMP (% Vehicle Control)
PAC-3310 dose titration (M2),M2,PAC-3310 agonism,,PAC-3310,C3,C,3,-5.0,-5.0,1e-05,0.305,0.2901785714285714,31.38434817815018,156.9217408907509,Within 20–80% B/B0,False,82.43222429186967,cAMP (% Vehicle Control)
PAC-3310 dose titration (M2),M2,PAC-3310 agonism,,PAC-3310,C4,C,3,-6.0,-6.0,1e-06,0.266,0.23214285714285718,45.858078002257145,229.29039001128572,Within 20–80% B/B0,False,120.44804467559034,cAMP (% Vehicle Control)
PAC-3310 dose titration (M2),M2,PAC-3310 agonism,,PAC-3310,C5,C,3,-7.0,-7.0,1e-07,0.268,0.23511904761904764,44.90992914694281,224.54964573471403,Within 20–80% B/B0,False,117.95769443286125,cAMP (% Vehicle Control)
PAC-3310 dose titration (M2),M2,PAC-3310 agonism,,PAC-3310,C6,C,3,-8.0,-8.0,1e-08,0.224,0.16964285714285715,75.0484128254248,375.242064127124,Outside 20–80% B/B0,False,197.11760663811492,cAMP (% Vehicle Control)
PAC-3310 dose titration (M2),M2,PAC-3310 agonism,,PAC-3310,C7,C,3,-9.0,-9.0,1e-09,0.247,0.20386904761904762,56.49978793053729,282.49893965268643,Within 20–80% B/B0,False,148.39891415605726,cAMP (% Vehicle Control)
PAC-3310 dose titration (M2),M2,PAC-3310 agonism,,PAC-3310,C8,C,3,-10.0,-10.0,1e-10,0.241,0.1949404761904762,60.61495718037132,303.0747859018566,Outside 20–80% B/B0,False,159.20756796896302,cAMP (% Vehicle Control)
PAC-3310 dose titration (M2),M2,PAC-3310 agonism,,PAC-3310,C9,C,3,-11.0,-11.0,1e-11,0.265,0.23065476190476192,46.34287918267394,231.71439591336969,Within 20–80% B/B0,False,121.72139403477516,cAMP (% Vehicle Control)
PAC-3310 dose titration (M2),M2,PAC-3310 agonism,,PAC-3310,D2,D,4,Vehicle Control,,,0.279,0.2514880952380953,40.160197416024765,200.80098708012383,Within 20–80% B/B0,True,105.48233731705437,cAMP (% Vehicle Control)
PAC-3310 dose titration (M2),M2,PAC-3310 agonism,,PAC-3310,D3,D,4,-5.0,-5.0,1e-05,0.29,0.26785714285714285,36.08324973166303,180.41624865831517,Within 20–80% B/B0,False,94.77407394845274,cAMP (% Vehicle Control)
PAC-3310 dose titration (M2),M2,PAC-3310 agonism,,PAC-3310,D4,D,4,-6.0,-6.0,1e-06,0.228,0.17559523809523808,71.21804604694763,356.09023023473816,Outside 20–80% B/B0,False,187.05699771256843,cAMP (% Vehicle Control)
PAC-3310 dose titration (M2),M2,PAC-3310 agonism,,PAC-3310,D5,D,4,-7.0,-7.0,1e-07,0.258,0.22023809523809526,49.9516211601766,249.75810580088302,Within 20–80% B/B0,False,131.19989670790343,cAMP (% Vehicle Control)
PAC-3310 dose titration (M2),M2,PAC-3310 agonism,,PAC-3310,D6,D,4,-8.0,-8.0,1e-08,0.272,0.2410714285714286,43.095387489493675,215.47693744746837,Within 20–80% B/B0,False,113.19172943512638,cAMP (% Vehicle Control)
PAC-3310 dose titration (M2),M2,PAC-3310 agonism,,PAC-3310,D7,D,4,-9.0,-9.0,1e-09,0.238,0.19047619047619047,62.84116116220303,314.2058058110151,Outside 20–80% B/B0,False,165.0547802452264,cAMP (% Vehicle Control)
PAC-3310 dose titration (M2),M2,PAC-3310 agonism,,PAC-3310,D8,D,4,-10.0,-10.0,1e-10,0.258,0.22023809523809526,49.9516211601766,249.75810580088302,Within 20–80% B/B0,False,131.19989670790343,cAMP (% Vehicle Control)
PAC-3310 dose titration (M2),M2,PAC-3310 agonism,,PAC-3310,D9,D,4,-11.0,-11.0,1e-11,0.266,0.23214285714285718,45.858078002257145,229.29039001128572,Within 20–80% B/B0,False,120.44804467559034,cAMP (% Vehicle Control)
PAC-3310 dose titration (M2),M2,PAC-3310 agonism,,PAC-3310,E2,E,5,Vehicle Control,,,0.267,0.2336309523809524,45.38047794662172,226.90238973310858,Within 20–80% B/B0,True,119.19360935373912,cAMP (% Vehicle Control)
PAC-3310 dose titration (M2),M2,PAC-3310 agonism,,PAC-3310,E3,E,5,-5.0,-5.0,1e-05,0.266,0.23214285714285718,45.858078002257145,229.29039001128572,Within 20–80% B/B0,False,120.44804467559034,cAMP (% Vehicle Control)
PAC-3310 dose titration (M2),M2,PAC-3310 agonism,,PAC-3310,E4,E,5,-6.0,-6.0,1e-06,0.23,0.17857142857142858,69.41313437687045,347.06567188435224,Outside 20–80% B/B0,False,182.31632625524634,cAMP (% Vehicle Control)
PAC-3310 dose titration (M2),M2,PAC-3310 agonism,,PAC-3310,E5,E,5,-7.0,-7.0,1e-07,0.243,0.19791666666666666,59.195328918229976,295.97664459114986,Outside 20–80% B/B0,False,155.4788585290969,cAMP (% Vehicle Control)
PAC-3310 dose titration (M2),M2,PAC-3310 agonism,,PAC-3310,E6,E,5,-8.0,-8.0,1e-08,0.266,0.23214285714285718,45.858078002257145,229.29039001128572,Within 20–80% B/B0,False,120.44804467559034,cAMP (% Vehicle Control)
PAC-3310 dose titration (M2),M2,PAC-3310 agonism,,PAC-3310,E7,E,5,-9.0,-9.0,1e-09,0.233,0.1830357142857143,66.83260566740694,334.1630283370347,Outside 20–80% B/B0,False,175.5384661524133,cAMP (% Vehicle Control)
PAC-3310 dose titration (M2),M2,PAC-3310 agonism,,PAC-3310,E8,E,5,-10.0,-10.0,1e-10,0.269,0.23660714285714288,44.446285766146545,222.23142883073274,Within 20–80% B/B0,False,116.73991686614899,cAMP (% Vehicle Control)
PAC-3310 dose titration (M2),M2,PAC-3310 agonism,,PAC-3310,E9,E,5,-11.0,-11.0,1e-11,0.248,0.20535714285714285,55.854183402891515,279.27091701445755,Within 20–80% B/B0,False,146.70320848376952,cAMP (% Vehicle Control)
PAC-3310 dose titration (M2),M2,PAC-3310 agonism,,PAC-3310,F2,F,6,Vehicle Control,,,0.277,0.2485119047619048,40.969463240454424,204.8473162022721,Within 20–80% B/B0,True,107.6079058193046,cAMP (% Vehicle Control)
PAC-3310 dose titration (M2),M2,PAC-3310 agonism,,PAC-3310,F3,F,6,-5.0,-5.0,1e-05,0.266,0.23214285714285718,45.858078002257145,229.29039001128572,Within 20–80% B/B0,False,120.44804467559034,cAMP (% Vehicle Control)
PAC-3310 dose titration (M2),M2,PAC-3310 agonism,,PAC-3310,F4,F,6,-6.0,-6.0,1e-06,0.248,0.20535714285714285,55.854183402891515,279.27091701445755,Within 20–80% B/B0,False,146.70320848376952,cAMP (% Vehicle Control)
PAC-3310 dose titration (M2),M2,PAC-3310 agonism,,PAC-3310,F5,F,6,-7.0,-7.0,1e-07,0.274,0.2440476190476191,42.22681176213868,211.1340588106934,Within 20–80% B/B0,False,110.91038114121318,cAMP (% Vehicle Control)
PAC-3310 dose titration (M2),M2,PAC-3310 agonism,,PAC-3310,F6,F,6,-8.0,-8.0,1e-08,0.249,0.2068452380952381,55.21935698447689,276.0967849223845,Within 20–80% B/B0,False,145.03581193909343,cAMP (% Vehicle Control)
PAC-3310 dose titration (M2),M2,PAC-3310 agonism,,PAC-3310,F7,F,6,-9.0,-9.0,1e-09,0.261,0.22470238095238096,48.3572415414735,241.7862077073675,Within 20–80% B/B0,False,127.01219596008862,cAMP (% Vehicle Control)
PAC-3310 dose titration (M2),M2,PAC-3310 agonism,,PAC-3310,F8,F,6,-10.0,-10.0,1e-10,0.301,0.28422619047619047,32.552539325641355,162.76269662820678,Within 20–80% B/B0,False,85.5005242654473,cAMP (% Vehicle Control)
PAC-3310 dose titration (M2),M2,PAC-3310 agonism,,PAC-3310,F9,F,6,-11.0,-11.0,1e-11,0.265,0.23065476190476192,46.34287918267394,231.71439591336969,Within 20–80% B/B0,False,121.72139403477516,cAMP (% Vehicle Control)
PAC-3310 dose titration (M2),M2,PAC-3310 agonism,,PAC-3310,G2,G,7,Vehicle Control,,,0.288,0.26488095238095233,36.780621363506015,183.90310681753007,Within 20–80% B/B0,True,96.60574795501661,cAMP (% Vehicle Control)
PAC-3310 dose titration (M2),M2,PAC-3310 agonism,,PAC-3310,G3,G,7,-5.0,-5.0,1e-05,0.29,0.26785714285714285,36.08324973166303,180.41624865831517,Within 20–80% B/B0,False,94.77407394845274,cAMP (% Vehicle Control)
PAC-3310 dose titration (M2),M2,PAC-3310 agonism,,PAC-3310,G4,G,7,-6.0,-6.0,1e-06,0.262,0.22619047619047622,47.84205157980513,239.21025789902563,Within 20–80% B/B0,False,125.65902927228296,cAMP (% Vehicle Control)
PAC-3310 dose titration (M2),M2,PAC-3310 agonism,,PAC-3310,G5,G,7,-7.0,-7.0,1e-07,0.234,0.18452380952380953,66.0044655693562,330.02232784678097,Outside 20–80% B/B0,False,173.36332362849953,cAMP (% Vehicle Control)
PAC-3310 dose titration (M2),M2,PAC-3310 agonism,,PAC-3310,G6,G,7,-8.0,-8.0,1e-08,0.252,0.2113095238095238,53.37705616496857,266.8852808248429,Within 20–80% B/B0,False,140.19693641092385,cAMP (% Vehicle Control)
PAC-3310 dose titration (M2),M2,PAC-3310 agonism,,PAC-3310,G7,G,7,-9.0,-9.0,1e-09,0.279,0.2514880952380953,40.160197416024765,200.80098708012383,Within 20–80% B/B0,False,105.48233731705437,cAMP (% Vehicle Control)
PAC-3310 dose titration (M2),M2,PAC-3310 agonism,,PAC-3310,G8,G,7,-10.0,-10.0,1e-10,0.236,0.1875,64.39373985640964,321.9686992820482,Outside 20–80% B/B0,False,169.13268922154597,cAMP (% Vehicle Control)
PAC-3310 dose titration (M2),M2,PAC-3310 agonism,,PAC-3310,G9,G,7,-11.0,-11.0,1e-11,0.266,0.23214285714285718,45.858078002257145,229.29039001128572,Within 20–80% B/B0,False,120.44804467559034,cAMP (% Vehicle Control)
PAC-3310 dose titration (M2),M2,PAC-3310 agonism,,PAC-3310,H2,H,8,Vehicle Control,,,0.333,0.33184523809523814,24.572759021527297,122.86379510763649,Within 20–80% B/B0,True,64.54131759036558,cAMP (% Vehicle Control)
PAC-3310 dose titration (M2),M2,PAC-3310 agonism,,PAC-3310,H3,H,8,-5.0,-5.0,1e-05,0.295,0.275297619047619,34.41708725308267,172.08543626541336,Within 20–80% B/B0,False,90.39783269719574,cAMP (% Vehicle Control)
PAC-3310 dose titration (M2),M2,PAC-3310 agonism,,PAC-3310,H4,H,8,-6.0,-6.0,1e-06,0.263,0.22767857142857145,47.33470538692277,236.67352693461385,Within 20–80% B/B0,False,124.32646455155312,cAMP (% Vehicle Control)
PAC-3310 dose titration (M2),M2,PAC-3310 agonism,,PAC-3310,H5,H,8,-7.0,-7.0,1e-07,0.264,0.22916666666666669,46.83503552667214,234.17517763336068,Within 20–80% B/B0,False,123.01406202025751,cAMP (% Vehicle Control)
PAC-3310 dose titration (M2),M2,PAC-3310 agonism,,PAC-3310,H6,H,8,-8.0,-8.0,1e-08,0.266,0.23214285714285718,45.858078002257145,229.29039001128572,Within 20–80% B/B0,False,120.44804467559034,cAMP (% Vehicle Control)
PAC-3310 dose titration (M2),M2,PAC-3310 agonism,,PAC-3310,H7,H,8,-9.0,-9.0,1e-09,0.265,0.23065476190476192,46.34287918267394,231.71439591336969,Within 20–80% B/B0,False,121.72139403477516,cAMP (% Vehicle Control)
PAC-3310 dose titration (M2),M2,PAC-3310 agonism,,PAC-3310,H8,H,8,-10.0,-10.0,1e-10,0.29,0.26785714285714285,36.08324973166303,180.41624865831517,Within 20–80% B/B0,False,94.77407394845274,cAMP (% Vehicle Control)
PAC-3310 dose titration (M2),M2,PAC-3310 agonism,,PAC-3310,H9,H,8,-11.0,-11.0,1e-11,0.236,0.1875,64.39373985640964,321.9686992820482,Outside 20–80% B/B0,False,169.13268922154597,cAMP (% Vehicle Control)
PAC-3310 + 20 nM carbachol (M2),M2,PAC-3310 antagonism,20.0,PAC-3310,A2,A,1,Carbachol-only Control (20 nM),,,0.286,0.31698774080560416,26.53480994307764,132.6740497153882,Within 20–80% B/B0,True,3.3478920756171235,% Carbachol Signaling Inhibition
PAC-3310 + 20 nM carbachol (M2),M2,PAC-3310 antagonism,20.0,PAC-3310,A3,A,1,-5.0,-5.0,1e-05,0.292,0.32749562171628716,24.891271645244586,124.45635822622293,Within 20–80% B/B0,False,-4.634578753909797,% Carbachol Signaling Inhibition
PAC-3310 + 20 nM carbachol (M2),M2,PAC-3310 antagonism,20.0,PAC-3310,A4,A,1,-6.0,-6.0,1e-06,0.293,0.329246935201401,24.629986486765866,123.14993243382932,Within 20–80% B/B0,False,-5.903609818470105,% Carbachol Signaling Inhibition
PAC-3310 + 20 nM carbachol (M2),M2,PAC-3310 antagonism,20.0,PAC-3310,A5,A,1,-7.0,-7.0,1e-07,0.301,0.3432574430823117,22.65850236472947,113.29251182364735,Within 20–80% B/B0,False,-15.478874669785153,% Carbachol Signaling Inhibition
PAC-3310 + 20 nM carbachol (M2),M2,PAC-3310 antagonism,20.0,PAC-3310,A6,A,1,-8.0,-8.0,1e-08,0.283,0.31173380035026266,27.40843421668846,137.0421710834423,Within 20–80% B/B0,False,7.59098168859392,% Carbachol Signaling Inhibition
PAC-3310 + 20 nM carbachol (M2),M2,PAC-3310 antagonism,20.0,PAC-3310,A7,A,1,-9.0,-9.0,1e-09,0.278,0.3029772329246936,28.94835949605052,144.74179748025261,Within 20–80% B/B0,False,15.070216360743547,% Carbachol Signaling Inhibition
PAC-3310 + 20 nM carbachol (M2),M2,PAC-3310 antagonism,20.0,PAC-3310,A8,A,1,-10.0,-10.0,1e-10,0.292,0.32749562171628716,24.891271645244586,124.45635822622293,Within 20–80% B/B0,False,-4.634578753909797,% Carbachol Signaling Inhibition
PAC-3310 + 20 nM carbachol (M2),M2,PAC-3310 antagonism,20.0,PAC-3310,A9,A,1,-11.0,-11.0,1e-11,0.249,0.2521891418563923,40.56062705739689,202.80313528698446,Within 20–80% B/B0,False,71.46962439116395,% Carbachol Signaling Inhibition
PAC-3310 + 20 nM carbachol (M2),M2,PAC-3310 antagonism,20.0,PAC-3310,A10,A,1,Vehicle Control,,,0.235,0.2276707530647986,48.50104773122913,242.50523865614565,Within 20–80% B/B0,True,110.03530703245565,% Carbachol Signaling Inhibition
PAC-3310 + 20 nM carbachol (M2),M2,PAC-3310 antagonism,20.0,PAC-3310,B2,B,2,Carbachol-only Control (20 nM),,,0.273,0.2942206654991244,30.602357061871263,153.01178530935633,Within 20–80% B/B0,True,23.10348661594859,% Carbachol Signaling Inhibition
PAC-3310 + 20 nM carbachol (M2),M2,PAC-3310 antagonism,20.0,PAC-3310,B3,B,2,-5.0,-5.0,1e-05,0.28,0.3064798598949212,28.31931854035007,141.59659270175035,Within 20–80% B/B0,False,12.015038951079898,% Carbachol Signaling Inhibition
PAC-3310 + 20 nM carbachol (M2),M2,PAC-3310 antagonism,20.0,PAC-3310,B4,B,2,-6.0,-6.0,1e-06,0.298,0.3380035026269702,23.37392889437874,116.8696444718937,Within 20–80% B/B0,False,-12.004132760135379,% Carbachol Signaling Inhibition
PAC-3310 + 20 nM carbachol (M2),M2,PAC-3310 antagonism,20.0,PAC-3310,B5,B,2,-7.0,-7.0,1e-07,0.31,0.35901926444833626,20.668118927109575,103.34059463554787,Within 20–80% B/B0,False,-25.14593125819706,% Carbachol Signaling Inhibition
PAC-3310 + 20 nM carbachol (M2),M2,PAC-3310 antagonism,20.0,PAC-3310,B6,B,2,-8.0,-8.0,1e-08,0.286,0.31698774080560416,26.53480994307764,132.6740497153882,Within 20–80% B/B0,False,3.3478920756171235,% Carbachol Signaling Inhibition
PAC-3310 + 20 nM carbachol (M2),M2,PAC-3310 antagonism,20.0,PAC-3310,B7,B,2,-9.0,-9.0,1e-09,0.288,0.32049036777583184,25.972073717736027,129.86036858868013,Within 20–80% B/B0,False,0.614748887271527,% Carbachol Signaling Inhibition
PAC-3310 + 20 nM carbachol (M2),M2,PAC-3310 antagonism,20.0,PAC-3310,B8,B,2,-10.0,-10.0,1e-10,0.292,0.32749562171628716,24.891271645244586,124.45635822622293,Within 20–80% B/B0,False,-4.634578753909797,% Carbachol Signaling Inhibition
PAC-3310 + 20 nM carbachol (M2),M2,PAC-3310 antagonism,20.0,PAC-3310,B9,B,2,-11.0,-11.0,1e-11,0.286,0.31698774080560416,26.53480994307764,132.6740497153882,Within 20–80% B/B0,False,3.3478920756171235,% Carbachol Signaling Inhibition
PAC-3310 + 20 nM carbachol (M2),M2,PAC-3310 antagonism,20.0,PAC-3310,B10,B,2,Vehicle Control,,,0.239,0.23467600700525393,46.02592230127111,230.12961150635556,Within 20–80% B/B0,True,98.01391600669747,% Carbachol Signaling Inhibition
PAC-3310 + 20 nM carbachol (M2),M2,PAC-3310 antagonism,20.0,PAC-3310,C2,C,3,Carbachol-only Control (20 nM),,,0.264,0.27845884413309985,33.90612982174898,169.5306491087449,Within 20–80% B/B0,True,39.14951956685724,% Carbachol Signaling Inhibition
PAC-3310 + 20 nM carbachol (M2),M2,PAC-3310 antagonism,20.0,PAC-3310,C3,C,3,-5.0,-5.0,1e-05,0.292,0.32749562171628716,24.891271645244586,124.45635822622293,Within 20–80% B/B0,False,-4.634578753909797,% Carbachol Signaling Inhibition
PAC-3310 + 20 nM carbachol (M2),M2,PAC-3310 antagonism,20.0,PAC-3310,C4,C,3,-6.0,-6.0,1e-06,0.321,0.37828371278458844,18.515016815207208,92.57508407603603,Within 20–80% B/B0,False,-35.60329317298419,% Carbachol Signaling Inhibition
PAC-3310 + 20 nM carbachol (M2),M2,PAC-3310 antagonism,20.0,PAC-3310,C5,C,3,-7.0,-7.0,1e-07,0.303,0.3467600700525394,22.196563942694336,110.98281971347168,Within 20–80% B/B0,False,-17.72245486733507,% Carbachol Signaling Inhibition
PAC-3310 + 20 nM carbachol (M2),M2,PAC-3310 antagonism,20.0,PAC-3310,C6,C,3,-8.0,-8.0,1e-08,0.319,0.37478108581436076,18.885785961618332,94.42892980809165,Within 20–80% B/B0,False,-33.80251134781006,% Carbachol Signaling Inhibition
PAC-3310 + 20 nM carbachol (M2),M2,PAC-3310 antagonism,20.0,PAC-3310,C7,C,3,-9.0,-9.0,1e-09,0.286,0.31698774080560416,26.53480994307764,132.6740497153882,Within 20–80% B/B0,False,3.3478920756171235,% Carbachol Signaling Inhibition
PAC-3310 + 20 nM carbachol (M2),M2,PAC-3310 antagonism,20.0,PAC-3310,C8,C,3,-10.0,-10.0,1e-10,0.266,0.28196147110332753,33.132608957372824,165.66304478686413,Within 20–80% B/B0,False,35.392620354922784,% Carbachol Signaling Inhibition
PAC-3310 + 20 nM carbachol (M2),M2,PAC-3310 antagonism,20.0,PAC-3310,C9,C,3,-11.0,-11.0,1e-11,0.265,0.28021015761821366,33.51639991424214,167.5819995712107,Within 20–80% B/B0,False,37.256647571011854,% Carbachol Signaling Inhibition
PAC-3310 + 20 nM carbachol (M2),M2,PAC-3310 antagonism,20.0,PAC-3310,C10,C,3,Vehicle Control,,,0.223,0.20665499124343256,57.1662897271122,285.831448635561,Within 20–80% B/B0,True,152.1213609772444,% Carbachol Signaling Inhibition
PAC-3310 + 20 nM carbachol (M2),M2,PAC-3310 antagonism,20.0,PAC-3310,D2,D,4,Carbachol-only Control (20 nM),,,0.302,0.3450087565674255,22.426066377711546,112.13033188855773,Within 20–80% B/B0,True,-16.607788725848927,% Carbachol Signaling Inhibition
PAC-3310 + 20 nM carbachol (M2),M2,PAC-3310 antagonism,20.0,PAC-3310,D3,D,4,-5.0,-5.0,1e-05,0.28,0.3064798598949212,28.31931854035007,141.59659270175035,Within 20–80% B/B0,False,12.015038951079898,% Carbachol Signaling Inhibition
PAC-3310 + 20 nM carbachol (M2),M2,PAC-3310 antagonism,20.0,PAC-3310,D4,D,4,-6.0,-6.0,1e-06,0.286,0.31698774080560416,26.53480994307764,132.6740497153882,Within 20–80% B/B0,False,3.3478920756171235,% Carbachol Signaling Inhibition
PAC-3310 + 20 nM carbachol (M2),M2,PAC-3310 antagonism,20.0,PAC-3310,D5,D,4,-7.0,-7.0,1e-07,0.303,0.3467600700525394,22.196563942694336,110.98281971347168,Within 20–80% B/B0,False,-17.72245486733507,% Carbachol Signaling Inhibition
PAC-3310 + 20 nM carbachol (M2),M2,PAC-3310 antagonism,20.0,PAC-3310,D6,D,4,-8.0,-8.0,1e-08,0.293,0.329246935201401,24.629986486765866,123.14993243382932,Within 20–80% B/B0,False,-5.903609818470105,% Carbachol Signaling Inhibition
PAC-3310 + 20 nM carbachol (M2),M2,PAC-3310 antagonism,20.0,PAC-3310,D7,D,4,-9.0,-9.0,1e-09,0.282,0.3099824868651488,27.707816527478336,138.5390826373917,Within 20–80% B/B0,False,9.045046109184204,% Carbachol Signaling Inhibition
PAC-3310 + 20 nM carbachol (M2),M2,PAC-3310 antagonism,20.0,PAC-3310,D8,D,4,-10.0,-10.0,1e-10,0.295,0.3327495621716287,24.117669698652833,120.58834849326416,Within 20–80% B/B0,False,-8.391871772560938,% Carbachol Signaling Inhibition
PAC-3310 + 20 nM carbachol (M2),M2,PAC-3310 antagonism,20.0,PAC-3310,D9,D,4,-11.0,-11.0,1e-11,0.267,0.28371278458844135,32.75463301572549,163.77316507862744,Within 20–80% B/B0,False,33.55683597895729,% Carbachol Signaling Inhibition
PAC-3310 + 20 nM carbachol (M2),M2,PAC-3310 antagonism,20.0,PAC-3310,D10,D,4,Vehicle Control,,,0.24,0.23642732049036777,45.43488215233739,227.17441076168694,Within 20–80% B/B0,True,95.14330401416699,% Carbachol Signaling Inhibition
PAC-3310 + 20 nM carbachol (M2),M2,PAC-3310 antagonism,20.0,PAC-3310,E2,E,5,Carbachol-only Control (20 nM),,,0.302,0.3450087565674255,22.426066377711546,112.13033188855773,Within 20–80% B/B0,True,-16.607788725848927,% Carbachol Signaling Inhibition
PAC-3310 + 20 nM carbachol (M2),M2,PAC-3310 antagonism,20.0,PAC-3310,E3,E,5,-5.0,-5.0,1e-05,0.266,0.28196147110332753,33.132608957372824,165.66304478686413,Within 20–80% B/B0,False,35.392620354922784,% Carbachol Signaling Inhibition
PAC-3310 + 20 nM carbachol (M2),M2,PAC-3310 antagonism,20.0,PAC-3310,E4,E,5,-6.0,-6.0,1e-06,0.278,0.3029772329246936,28.94835949605052,144.74179748025261,Within 20–80% B/B0,False,15.070216360743547,% Carbachol Signaling Inhibition
PAC-3310 + 20 nM carbachol (M2),M2,PAC-3310 antagonism,20.0,PAC-3310,E5,E,5,-7.0,-7.0,1e-07,0.302,0.3450087565674255,22.426066377711546,112.13033188855773,Within 20–80% B/B0,False,-16.607788725848927,% Carbachol Signaling Inhibition
PAC-3310 + 20 nM carbachol (M2),M2,PAC-3310 antagonism,20.0,PAC-3310,E6,E,5,-8.0,-8.0,1e-08,0.297,0.33625218914185634,23.618622253314804,118.09311126657403,Within 20–80% B/B0,False,-10.815686100595158,% Carbachol Signaling Inhibition
PAC-3310 + 20 nM carbachol (M2),M2,PAC-3310 antagonism,20.0,PAC-3310,E7,E,5,-9.0,-9.0,1e-09,0.284,0.31348511383537647,27.113190619744575,135.56595309872287,Within 20–80% B/B0,False,6.157018510908018,% Carbachol Signaling Inhibition
PAC-3310 + 20 nM carbachol (M2),M2,PAC-3310 antagonism,20.0,PAC-3310,E8,E,5,-10.0,-10.0,1e-10,0.314,0.3660245183887916,19.85209215288534,99.26046076442671,Within 20–80% B/B0,False,-29.109276639285067,% Carbachol Signaling Inhibition
PAC-3310 + 20 nM carbachol (M2),M2,PAC-3310 antagonism,20.0,PAC-3310,E9,E,5,-11.0,-11.0,1e-11,0.286,0.31698774080560416,26.53480994307764,132.6740497153882,Within 20–80% B/B0,False,3.3478920756171235,% Carbachol Signaling Inhibition
PAC-3310 + 20 nM carbachol (M2),M2,PAC-3310 antagonism,20.0,PAC-3310,E10,E,5,Vehicle Control,,,0.248,0.2504378283712785,41.06543902829788,205.3271951414894,Within 20–80% B/B0,True,73.9214363370286,% Carbachol Signaling Inhibition
PAC-3310 + 20 nM carbachol (M2),M2,PAC-3310 antagonism,20.0,PAC-3310,F2,F,6,Carbachol-only Control (20 nM),,,0.286,0.31698774080560416,26.53480994307764,132.6740497153882,Within 20–80% B/B0,True,3.3478920756171235,% Carbachol Signaling Inhibition
PAC-3310 + 20 nM carbachol (M2),M2,PAC-3310 antagonism,20.0,PAC-3310,F3,F,6,-5.0,-5.0,1e-05,0.287,0.31873905429071797,26.251522695604287,131.25761347802143,Within 20–80% B/B0,False,1.971999471036796,% Carbachol Signaling Inhibition
PAC-3310 + 20 nM carbachol (M2),M2,PAC-3310 antagonism,20.0,PAC-3310,F4,F,6,-6.0,-6.0,1e-06,0.267,0.28371278458844135,32.75463301572549,163.77316507862744,Within 20–80% B/B0,False,33.55683597895729,% Carbachol Signaling Inhibition
PAC-3310 + 20 nM carbachol (M2),M2,PAC-3310 antagonism,20.0,PAC-3310,F5,F,6,-7.0,-7.0,1e-07,0.315,0.36777583187390545,19.654183981176818,98.27091990588409,Within 20–80% B/B0,False,-30.07049318633554,% Carbachol Signaling Inhibition
PAC-3310 + 20 nM carbachol (M2),M2,PAC-3310 antagonism,20.0,PAC-3310,F6,F,6,-8.0,-8.0,1e-08,0.295,0.3327495621716287,24.117669698652833,120.58834849326416,Within 20–80% B/B0,False,-8.391871772560938,% Carbachol Signaling Inhibition
PAC-3310 + 20 nM carbachol (M2),M2,PAC-3310 antagonism,20.0,PAC-3310,F7,F,6,-9.0,-9.0,1e-09,0.278,0.3029772329246936,28.94835949605052,144.74179748025261,Within 20–80% B/B0,False,15.070216360743547,% Carbachol Signaling Inhibition
PAC-3310 + 20 nM carbachol (M2),M2,PAC-3310 antagonism,20.0,PAC-3310,F8,F,6,-10.0,-10.0,1e-10,0.315,0.36777583187390545,19.654183981176818,98.27091990588409,Within 20–80% B/B0,False,-30.07049318633554,% Carbachol Signaling Inhibition
PAC-3310 + 20 nM carbachol (M2),M2,PAC-3310 antagonism,20.0,PAC-3310,F9,F,6,-11.0,-11.0,1e-11,0.28,0.3064798598949212,28.31931854035007,141.59659270175035,Within 20–80% B/B0,False,12.015038951079898,% Carbachol Signaling Inhibition
PAC-3310 + 20 nM carbachol (M2),M2,PAC-3310 antagonism,20.0,PAC-3310,F10,F,6,Vehicle Control,,,0.235,0.2276707530647986,48.50104773122913,242.50523865614565,Within 20–80% B/B0,True,110.03530703245565,% Carbachol Signaling Inhibition
PAC-3310 + 20 nM carbachol (M2),M2,PAC-3310 antagonism,20.0,PAC-3310,G2,G,7,Carbachol-only Control (20 nM),,,0.286,0.31698774080560416,26.53480994307764,132.6740497153882,Within 20–80% B/B0,True,3.3478920756171235,% Carbachol Signaling Inhibition
PAC-3310 + 20 nM carbachol (M2),M2,PAC-3310 antagonism,20.0,PAC-3310,G3,G,7,-5.0,-5.0,1e-05,0.265,0.28021015761821366,33.51639991424214,167.5819995712107,Within 20–80% B/B0,False,37.256647571011854,% Carbachol Signaling Inhibition
PAC-3310 + 20 nM carbachol (M2),M2,PAC-3310 antagonism,20.0,PAC-3310,G4,G,7,-6.0,-6.0,1e-06,0.273,0.2942206654991244,30.602357061871263,153.01178530935633,Within 20–80% B/B0,False,23.10348661594859,% Carbachol Signaling Inhibition
PAC-3310 + 20 nM carbachol (M2),M2,PAC-3310 antagonism,20.0,PAC-3310,G5,G,7,-7.0,-7.0,1e-07,0.32,0.37653239929947463,18.69931171672151,93.49655858360755,Within 20–80% B/B0,False,-34.708194666726015,% Carbachol Signaling Inhibition
PAC-3310 + 20 nM carbachol (M2),M2,PAC-3310 antagonism,20.0,PAC-3310,G6,G,7,-8.0,-8.0,1e-08,0.312,0.3625218914185639,20.255146561173163,101.27573280586581,Within 20–80% B/B0,False,-27.151689121481713,% Carbachol Signaling Inhibition
PAC-3310 + 20 nM carbachol (M2),M2,PAC-3310 antagonism,20.0,PAC-3310,G7,G,7,-9.0,-9.0,1e-09,0.308,0.3555166374781086,21.09134203094766,105.4567101547383,Within 20–80% B/B0,False,-23.09038677516091,% Carbachol Signaling Inhibition
PAC-3310 + 20 nM carbachol (M2),M2,PAC-3310 antagonism,20.0,PAC-3310,G8,G,7,-10.0,-10.0,1e-10,0.278,0.3029772329246936,28.94835949605052,144.74179748025261,Within 20–80% B/B0,False,15.070216360743547,% Carbachol Signaling Inhibition
PAC-3310 + 20 nM carbachol (M2),M2,PAC-3310 antagonism,20.0,PAC-3310,G9,G,7,-11.0,-11.0,1e-11,0.32,0.37653239929947463,18.69931171672151,93.49655858360755,Within 20–80% B/B0,False,-34.708194666726015,% Carbachol Signaling Inhibition
PAC-3310 + 20 nM carbachol (M2),M2,PAC-3310 antagonism,20.0,PAC-3310,G10,G,7,Vehicle Control,,,0.232,0.22241681260945706,50.4821968557193,252.41098427859652,Within 20–80% B/B0,True,119.65751365583424,% Carbachol Signaling Inhibition
PAC-3310 + 20 nM carbachol (M2),M2,PAC-3310 antagonism,20.0,PAC-3310,H2,H,8,Carbachol-only Control (20 nM),,,0.325,0.3852889667250438,17.798958218397942,88.99479109198971,Within 20–80% B/B0,True,-39.08110495795942,% Carbachol Signaling Inhibition
PAC-3310 + 20 nM carbachol (M2),M2,PAC-3310 antagonism,20.0,PAC-3310,H3,H,8,-5.0,-5.0,1e-05,0.287,0.31873905429071797,26.251522695604287,131.25761347802143,Within 20–80% B/B0,False,1.971999471036796,% Carbachol Signaling Inhibition
PAC-3310 + 20 nM carbachol (M2),M2,PAC-3310 antagonism,20.0,PAC-3310,H4,H,8,-6.0,-6.0,1e-06,0.276,0.2994746059544659,29.59563620441425,147.97818102207125,Within 20–80% B/B0,False,18.21396266100195,% Carbachol Signaling Inhibition
PAC-3310 + 20 nM carbachol (M2),M2,PAC-3310 antagonism,20.0,PAC-3310,H5,H,8,-7.0,-7.0,1e-07,0.278,0.3029772329246936,28.94835949605052,144.74179748025261,Within 20–80% B/B0,False,15.070216360743547,% Carbachol Signaling Inhibition
PAC-3310 + 20 nM carbachol (M2),M2,PAC-3310 antagonism,20.0,PAC-3310,H6,H,8,-8.0,-8.0,1e-08,0.29,0.3239929947460595,25.424409517208375,127.12204758604187,Within 20–80% B/B0,False,-2.045191261888432,% Carbachol Signaling Inhibition
PAC-3310 + 20 nM carbachol (M2),M2,PAC-3310 antagonism,20.0,PAC-3310,H7,H,8,-9.0,-9.0,1e-09,0.27,0.28896672504378285,31.65440505157472,158.2720252578736,Within 20–80% B/B0,False,28.21315908305364,% Carbachol Signaling Inhibition
PAC-3310 + 20 nM carbachol (M2),M2,PAC-3310 antagonism,20.0,PAC-3310,H8,H,8,-10.0,-10.0,1e-10,0.286,0.31698774080560416,26.53480994307764,132.6740497153882,Within 20–80% B/B0,False,3.3478920756171235,% Carbachol Signaling Inhibition
PAC-3310 + 20 nM carbachol (M2),M2,PAC-3310 antagonism,20.0,PAC-3310,H9,H,8,-11.0,-11.0,1e-11,0.349,0.42732049036777575,14.117665472662429,70.58832736331215,Within 20–80% B/B0,False,-56.960707761573374,% Carbachol Signaling Inhibition
PAC-3310 + 20 nM carbachol (M2),M2,PAC-3310 antagonism,20.0,PAC-3310,H10,H,8,Vehicle Control,,,0.263,0.27670753064798603,34.30192604591044,171.50963022955222,Within 20–80% B/B0,True,41.071854944117,% Carbachol Signaling Inhibition
Carbachol dose titration (M4),M4,Carbachol agonism,,Carbachol,A2,A,1,Vehicle Control,,,0.271,0.34813084112149534,15.149727893732845,75.74863946866422,Within 20–80% B/B0,True,83.79983963493143,cAMP (% Vehicle Control)
Carbachol dose titration (M4),M4,Carbachol agonism,,Carbachol,A3,A,1,-5.0,-5.0,1e-05,0.265,0.3341121495327103,16.403309581135215,82.01654790567608,Within 20–80% B/B0,False,90.73395390486907,cAMP (% Vehicle Control)
Carbachol dose titration (M4),M4,Carbachol agonism,,Carbachol,A4,A,1,-6.0,-6.0,1e-06,0.264,0.3317757009345794,16.624721761575643,83.12360880787821,Within 20–80% B/B0,False,91.95868251678057,cAMP (% Vehicle Control)
Carbachol dose titration (M4),M4,Carbachol agonism,,Carbachol,A5,A,1,-7.0,-7.0,1e-07,0.27,0.34579439252336447,15.350142642495072,76.75071321247536,Within 20–80% B/B0,False,84.90842217347968,cAMP (% Vehicle Control)
Carbachol dose titration (M4),M4,Carbachol agonism,,Carbachol,A6,A,1,-8.0,-8.0,1e-08,0.232,0.25700934579439255,26.350676896491713,131.75338448245856,Within 20–80% B/B0,False,145.7572382611163,cAMP (% Vehicle Control)
Carbachol dose titration (M4),M4,Carbachol agonism,,Carbachol,A7,A,1,-9.0,-9.0,1e-09,0.252,0.3037383177570093,19.605312600471215,98.02656300235608,Within 20–80% B/B0,False,108.44564756782425,cAMP (% Vehicle Control)
Carbachol dose titration (M4),M4,Carbachol agonism,,Carbachol,A8,A,1,-10.0,-10.0,1e-10,0.254,0.308411214953271,19.063208512773,95.316042563865,Within 20–80% B/B0,False,105.44703030332907,cAMP (% Vehicle Control)
Carbachol dose titration (M4),M4,Carbachol agonism,,Carbachol,A9,A,1,-11.0,-11.0,1e-11,0.228,0.24766355140186916,28.068087771704086,140.34043885852043,Within 20–80% B/B0,False,155.25699673464115,cAMP (% Vehicle Control)
Carbachol dose titration (M4),M4,Carbachol agonism,,Carbachol,B2,B,2,Vehicle Control,,,0.261,0.3247663551401869,17.312068369894305,86.56034184947153,Within 20–80% B/B0,True,95.76070034540085,cAMP (% Vehicle Control)
Carbachol dose titration (M4),M4,Carbachol agonism,,Carbachol,B3,B,2,-5.0,-5.0,1e-05,0.286,0.3831775700934579,12.494692169616924,62.47346084808462,Within 20–80% B/B0,False,69.11366378632303,cAMP (% Vehicle Control)
Carbachol dose titration (M4),M4,Carbachol agonism,,Carbachol,B4,B,2,-6.0,-6.0,1e-06,0.309,0.43691588785046725,9.410894056963963,47.054470284819814,Within 20–80% B/B0,False,52.05581369690153,cAMP (% Vehicle Control)
Carbachol dose titration (M4),M4,Carbachol agonism,,Carbachol,B5,B,2,-7.0,-7.0,1e-07,0.261,0.3247663551401869,17.312068369894305,86.56034184947153,Within 20–80% B/B0,False,95.76070034540085,cAMP (% Vehicle Control)
Carbachol dose titration (M4),M4,Carbachol agonism,,Carbachol,B6,B,2,-8.0,-8.0,1e-08,0.264,0.3317757009345794,16.624721761575643,83.12360880787821,Within 20–80% B/B0,False,91.95868251678057,cAMP (% Vehicle Control)
Carbachol dose titration (M4),M4,Carbachol agonism,,Carbachol,B7,B,2,-9.0,-9.0,1e-09,0.249,0.29672897196261677,20.45694294695437,102.28471473477185,Within 20–80% B/B0,False,113.15639134910711,cAMP (% Vehicle Control)
Carbachol dose titration (M4),M4,Carbachol agonism,,Carbachol,B8,B,2,-10.0,-10.0,1e-10,0.267,0.338785046728972,15.97151122343572,79.8575561171786,Within 20–80% B/B0,False,88.34548637702567,cAMP (% Vehicle Control)
Carbachol dose titration (M4),M4,Carbachol agonism,,Carbachol,B9,B,2,-11.0,-11.0,1e-11,0.244,0.2850467289719626,21.988282466321333,109.94141233160667,Within 20–80% B/B0,False,121.62690692864238,cAMP (% Vehicle Control)
Carbachol dose titration (M4),M4,Carbachol agonism,,Carbachol,C2,C,3,Vehicle Control,,,0.274,0.3551401869158879,14.567582475467201,72.83791237733601,Within 20–80% B/B0,True,80.57973607683044,cAMP (% Vehicle Control)
Carbachol dose titration (M4),M4,Carbachol agonism,,Carbachol,C3,C,3,-5.0,-5.0,1e-05,0.254,0.308411214953271,19.063208512773,95.316042563865,Within 20–80% B/B0,False,105.44703030332907,cAMP (% Vehicle Control)
Carbachol dose titration (M4),M4,Carbachol agonism,,Carbachol,C4,C,3,-6.0,-6.0,1e-06,0.279,0.36682242990654207,13.656969063944569,68.28484531972285,Within 20–80% B/B0,False,75.54273089823695,cAMP (% Vehicle Control)
Carbachol dose titration (M4),M4,Carbachol agonism,,Carbachol,C5,C,3,-7.0,-7.0,1e-07,0.264,0.3317757009345794,16.624721761575643,83.12360880787821,Within 20–80% B/B0,False,91.95868251678057,cAMP (% Vehicle Control)
Carbachol dose titration (M4),M4,Carbachol agonism,,Carbachol,C6,C,3,-8.0,-8.0,1e-08,0.275,0.3574766355140187,14.379669859698293,71.89834929849147,Within 20–80% B/B0,False,79.54030836055249,cAMP (% Vehicle Control)
Carbachol dose titration (M4),M4,Carbachol agonism,,Carbachol,C7,C,3,-9.0,-9.0,1e-09,0.243,0.2827102803738317,22.31273111747364,111.5636555873682,Within 20–80% B/B0,False,123.42157579180926,cAMP (% Vehicle Control)
Carbachol dose titration (M4),M4,Carbachol agonism,,Carbachol,C8,C,3,-10.0,-10.0,1e-10,0.228,0.24766355140186916,28.068087771704086,140.34043885852043,Within 20–80% B/B0,False,155.25699673464115,cAMP (% Vehicle Control)
Carbachol dose titration (M4),M4,Carbachol agonism,,Carbachol,C9,C,3,-11.0,-11.0,1e-11,0.241,0.27803738317757004,22.981165554659402,114.905827773297,Within 20–80% B/B0,False,127.11898204461758,cAMP (% Vehicle Control)
Carbachol dose titration (M4),M4,Carbachol agonism,,Carbachol,D2,D,4,Vehicle Control,,,0.255,0.3107476635514019,18.799467640890917,93.99733820445459,Within 20–80% B/B0,True,103.98816299403315,cAMP (% Vehicle Control)
Carbachol dose titration (M4),M4,Carbachol agonism,,Carbachol,D3,D,4,-5.0,-5.0,1e-05,0.266,0.3364485981308411,16.18560102600932,80.9280051300466,Within 20–80% B/B0,False,89.52971168120183,cAMP (% Vehicle Control)
Carbachol dose titration (M4),M4,Carbachol agonism,,Carbachol,D4,D,4,-6.0,-6.0,1e-06,0.302,0.42056074766355134,10.246968819275965,51.234844096379824,Within 20–80% B/B0,False,56.68051266813142,cAMP (% Vehicle Control)
Carbachol dose titration (M4),M4,Carbachol agonism,,Carbachol,D5,D,4,-7.0,-7.0,1e-07,0.271,0.34813084112149534,15.149727893732845,75.74863946866422,Within 20–80% B/B0,False,83.79983963493143,cAMP (% Vehicle Control)
Carbachol dose titration (M4),M4,Carbachol agonism,,Carbachol,D6,D,4,-8.0,-8.0,1e-08,0.253,0.3060747663551402,19.33178227130655,96.65891135653276,Within 20–80% B/B0,False,106.93263044434367,cAMP (% Vehicle Control)
Carbachol dose titration (M4),M4,Carbachol agonism,,Carbachol,D7,D,4,-9.0,-9.0,1e-09,0.227,0.24532710280373832,28.52170982765556,142.6085491382778,Within 20–80% B/B0,False,157.766180781394,cAMP (% Vehicle Control)
Carbachol dose titration (M4),M4,Carbachol agonism,,Carbachol,D8,D,4,-10.0,-10.0,1e-10,0.252,0.3037383177570093,19.605312600471215,98.02656300235608,Within 20–80% B/B0,False,108.44564756782425,cAMP (% Vehicle Control)
Carbachol dose titration (M4),M4,Carbachol agonism,,Carbachol,D9,D,4,-11.0,-11.0,1e-11,0.264,0.3317757009345794,16.624721761575643,83.12360880787821,Within 20–80% B/B0,False,91.95868251678057,cAMP (% Vehicle Control)
Carbachol dose titration (M4),M4,Carbachol agonism,,Carbachol,E2,E,5,Vehicle Control,,,0.252,0.3037383177570093,19.605312600471215,98.02656300235608,Within 20–80% B/B0,True,108.44564756782425,cAMP (% Vehicle Control)
Carbachol dose titration (M4),M4,Carbachol agonism,,Carbachol,E3,E,5,-5.0,-5.0,1e-05,0.267,0.338785046728972,15.97151122343572,79.8575561171786,Within 20–80% B/B0,False,88.34548637702567,cAMP (% Vehicle Control)
Carbachol dose titration (M4),M4,Carbachol agonism,,Carbachol,E4,E,5,-6.0,-6.0,1e-06,0.304,0.425233644859813,9.999944190861564,49.99972095430782,Within 20–80% B/B0,False,55.31411028835213,cAMP (% Vehicle Control)
Carbachol dose titration (M4),M4,Carbachol agonism,,Carbachol,E5,E,5,-7.0,-7.0,1e-07,0.246,0.2897196261682243,21.358052491037945,106.79026245518972,Within 20–80% B/B0,False,118.14082643714242,cAMP (% Vehicle Control)
Carbachol dose titration (M4),M4,Carbachol agonism,,Carbachol,E6,E,5,-8.0,-8.0,1e-08,0.264,0.3317757009345794,16.624721761575643,83.12360880787821,Within 20–80% B/B0,False,91.95868251678057,cAMP (% Vehicle Control)
Carbachol dose titration (M4),M4,Carbachol agonism,,Carbachol,E7,E,5,-9.0,-9.0,1e-09,0.251,0.30140186915887845,19.883927321433713,99.41963660716857,Within 20–80% B/B0,False,109.98678870912798,cAMP (% Vehicle Control)
Carbachol dose titration (M4),M4,Carbachol agonism,,Carbachol,E8,E,5,-10.0,-10.0,1e-10,0.265,0.3341121495327103,16.403309581135215,82.01654790567608,Within 20–80% B/B0,False,90.73395390486907,cAMP (% Vehicle Control)
Carbachol dose titration (M4),M4,Carbachol agonism,,Carbachol,E9,E,5,-11.0,-11.0,1e-11,0.253,0.3060747663551402,19.33178227130655,96.65891135653276,Within 20–80% B/B0,False,106.93263044434367,cAMP (% Vehicle Control)
Carbachol dose titration (M4),M4,Carbachol agonism,,Carbachol,F2,F,6,Vehicle Control,,,0.264,0.3317757009345794,16.624721761575643,83.12360880787821,Within 20–80% B/B0,True,91.95868251678057,cAMP (% Vehicle Control)
Carbachol dose titration (M4),M4,Carbachol agonism,,Carbachol,F3,F,6,-5.0,-5.0,1e-05,0.271,0.34813084112149534,15.149727893732845,75.74863946866422,Within 20–80% B/B0,False,83.79983963493143,cAMP (% Vehicle Control)
Carbachol dose titration (M4),M4,Carbachol agonism,,Carbachol,F4,F,6,-6.0,-6.0,1e-06,0.268,0.3411214953271028,15.760957805780302,78.80478902890151,Within 20–80% B/B0,False,87.18082238055813,cAMP (% Vehicle Control)
Carbachol dose titration (M4),M4,Carbachol agonism,,Carbachol,F5,F,6,-7.0,-7.0,1e-07,0.264,0.3317757009345794,16.624721761575643,83.12360880787821,Within 20–80% B/B0,False,91.95868251678057,cAMP (% Vehicle Control)
Carbachol dose titration (M4),M4,Carbachol agonism,,Carbachol,F6,F,6,-8.0,-8.0,1e-08,0.247,0.2920560747663551,21.05194119527549,105.25970597637745,Within 20–80% B/B0,False,116.447589589902,cAMP (% Vehicle Control)
Carbachol dose titration (M4),M4,Carbachol agonism,,Carbachol,F7,F,6,-9.0,-9.0,1e-09,0.269,0.34345794392523366,15.553860820258565,77.76930410129283,Within 20–80% B/B0,False,86.03527743761703,cAMP (% Vehicle Control)
Carbachol dose titration (M4),M4,Carbachol agonism,,Carbachol,F8,F,6,-10.0,-10.0,1e-10,0.252,0.3037383177570093,19.605312600471215,98.02656300235608,Within 20–80% B/B0,False,108.44564756782425,cAMP (% Vehicle Control)
Carbachol dose titration (M4),M4,Carbachol agonism,,Carbachol,F9,F,6,-11.0,-11.0,1e-11,0.261,0.3247663551401869,17.312068369894305,86.56034184947153,Within 20–80% B/B0,False,95.76070034540085,cAMP (% Vehicle Control)
Carbachol dose titration (M4),M4,Carbachol agonism,,Carbachol,G2,G,7,Vehicle Control,,,0.233,0.25934579439252337,25.94414819120648,129.7207409560324,Within 20–80% B/B0,True,143.50854834741878,cAMP (% Vehicle Control)
Carbachol dose titration (M4),M4,Carbachol agonism,,Carbachol,G3,G,7,-5.0,-5.0,1e-05,0.268,0.3411214953271028,15.760957805780302,78.80478902890151,Within 20–80% B/B0,False,87.18082238055813,cAMP (% Vehicle Control)
Carbachol dose titration (M4),M4,Carbachol agonism,,Carbachol,G4,G,7,-6.0,-6.0,1e-06,0.277,0.3621495327102804,14.012653835115954,70.06326917557976,Within 20–80% B/B0,False,77.51018054445004,cAMP (% Vehicle Control)
Carbachol dose titration (M4),M4,Carbachol agonism,,Carbachol,G5,G,7,-7.0,-7.0,1e-07,0.264,0.3317757009345794,16.624721761575643,83.12360880787821,Within 20–80% B/B0,False,91.95868251678057,cAMP (% Vehicle Control)
Carbachol dose titration (M4),M4,Carbachol agonism,,Carbachol,G6,G,7,-8.0,-8.0,1e-08,0.265,0.3341121495327103,16.403309581135215,82.01654790567608,Within 20–80% B/B0,False,90.73395390486907,cAMP (% Vehicle Control)
Carbachol dose titration (M4),M4,Carbachol agonism,,Carbachol,G7,G,7,-9.0,-9.0,1e-09,0.24,0.2757009345794392,23.32551834582357,116.62759172911785,Within 20–80% B/B0,False,129.02374950181633,cAMP (% Vehicle Control)
Carbachol dose titration (M4),M4,Carbachol agonism,,Carbachol,G8,G,7,-10.0,-10.0,1e-10,0.207,0.19859813084112146,40.30766576921869,201.53832884609344,Outside 20–80% B/B0,False,222.959511300283,cAMP (% Vehicle Control)
Carbachol dose titration (M4),M4,Carbachol agonism,,Carbachol,G9,G,7,-11.0,-11.0,1e-11,0.236,0.26635514018691586,24.775106222998208,123.87553111499103,Within 20–80% B/B0,False,137.04206062238947,cAMP (% Vehicle Control)
Carbachol dose titration (M4),M4,Carbachol agonism,,Carbachol,H2,H,8,Vehicle Control,,,0.264,0.3317757009345794,16.624721761575643,83.12360880787821,Within 20–80% B/B0,True,91.95868251678057,cAMP (% Vehicle Control)
Carbachol dose titration (M4),M4,Carbachol agonism,,Carbachol,H3,H,8,-5.0,-5.0,1e-05,0.27,0.34579439252336447,15.350142642495072,76.75071321247536,Within 20–80% B/B0,False,84.90842217347968,cAMP (% Vehicle Control)
Carbachol dose titration (M4),M4,Carbachol agonism,,Carbachol,H4,H,8,-6.0,-6.0,1e-06,0.251,0.30140186915887845,19.883927321433713,99.41963660716857,Within 20–80% B/B0,False,109.98678870912798,cAMP (% Vehicle Control)
Carbachol dose titration (M4),M4,Carbachol agonism,,Carbachol,H5,H,8,-7.0,-7.0,1e-07,0.267,0.338785046728972,15.97151122343572,79.8575561171786,Within 20–80% B/B0,False,88.34548637702567,cAMP (% Vehicle Control)
Carbachol dose titration (M4),M4,Carbachol agonism,,Carbachol,H6,H,8,-8.0,-8.0,1e-08,0.243,0.2827102803738317,22.31273111747364,111.5636555873682,Within 20–80% B/B0,False,123.42157579180926,cAMP (% Vehicle Control)
Carbachol dose titration (M4),M4,Carbachol agonism,,Carbachol,H7,H,8,-9.0,-9.0,1e-09,0.251,0.30140186915887845,19.883927321433713,99.41963660716857,Within 20–80% B/B0,False,109.98678870912798,cAMP (% Vehicle Control)
Carbachol dose titration (M4),M4,Carbachol agonism,,Carbachol,H8,H,8,-10.0,-10.0,1e-10,0.252,0.3037383177570093,19.605312600471215,98.02656300235608,Within 20–80% B/B0,False,108.44564756782425,cAMP (% Vehicle Control)
Carbachol dose titration (M4),M4,Carbachol agonism,,Carbachol,H9,H,8,-11.0,-11.0,1e-11,0.266,0.3364485981308411,16.18560102600932,80.9280051300466,Within 20–80% B/B0,False,89.52971168120183,cAMP (% Vehicle Control)
PAC-3310 dose titration (M4),M4,PAC-3310 agonism,,PAC-3310,A2,A,1,Vehicle Control,,,0.349,0.33195020746887965,35.822129629047055,179.11064814523527,Within 20–80% B/B0,True,101.94381698386005,cAMP (% Vehicle Control)
PAC-3310 dose titration (M4),M4,PAC-3310 agonism,,PAC-3310,A3,A,1,-5.0,-5.0,1e-05,0.386,0.3831258644536653,26.519868149725582,132.59934074862792,Within 20–80% B/B0,False,75.47112952490436,cAMP (% Vehicle Control)
PAC-3310 dose titration (M4),M4,PAC-3310 agonism,,PAC-3310,A4,A,1,-6.0,-6.0,1e-06,0.397,0.3983402489626557,24.330863469525898,121.65431734762949,Within 20–80% B/B0,False,69.2415866471928,cAMP (% Vehicle Control)
PAC-3310 dose titration (M4),M4,PAC-3310 agonism,,PAC-3310,A5,A,1,-7.0,-7.0,1e-07,0.357,0.343015214384509,33.51050186834662,167.55250934173313,Within 20–80% B/B0,False,95.36530923426582,cAMP (% Vehicle Control)
PAC-3310 dose titration (M4),M4,PAC-3310 agonism,,PAC-3310,A6,A,1,-8.0,-8.0,1e-08,0.313,0.28215767634854777,49.131893581169386,245.65946790584692,Within 20–80% B/B0,False,139.82118928093618,cAMP (% Vehicle Control)
PAC-3310 dose titration (M4),M4,PAC-3310 agonism,,PAC-3310,A7,A,1,-9.0,-9.0,1e-09,0.346,0.3278008298755187,36.739992030611866,183.69996015305932,Within 20–80% B/B0,False,104.55590056600464,cAMP (% Vehicle Control)
PAC-3310 dose titration (M4),M4,PAC-3310 agonism,,PAC-3310,A8,A,1,-10.0,-10.0,1e-10,0.346,0.3278008298755187,36.739992030611866,183.69996015305932,Within 20–80% B/B0,False,104.55590056600464,cAMP (% Vehicle Control)
PAC-3310 dose titration (M4),M4,PAC-3310 agonism,,PAC-3310,A9,A,1,-11.0,-11.0,1e-11,0.353,0.33748271092669435,34.642395084911016,173.21197542455508,Within 20–80% B/B0,False,98.5864888824224,cAMP (% Vehicle Control)
PAC-3310 dose titration (M4),M4,PAC-3310 agonism,,PAC-3310,B2,B,2,Vehicle Control,,,0.352,0.3360995850622407,34.93273837583751,174.66369187918755,Within 20–80% B/B0,True,99.41275754984134,cAMP (% Vehicle Control)
PAC-3310 dose titration (M4),M4,PAC-3310 agonism,,PAC-3310,B3,B,2,-5.0,-5.0,1e-05,0.353,0.33748271092669435,34.642395084911016,173.21197542455508,Within 20–80% B/B0,False,98.5864888824224,cAMP (% Vehicle Control)
PAC-3310 dose titration (M4),M4,PAC-3310 agonism,,PAC-3310,B4,B,2,-6.0,-6.0,1e-06,0.373,0.36514522821576767,29.41215505926943,147.06077529634715,Within 20–80% B/B0,False,83.70209653955851,cAMP (% Vehicle Control)
PAC-3310 dose titration (M4),M4,PAC-3310 agonism,,PAC-3310,B5,B,2,-7.0,-7.0,1e-07,0.357,0.343015214384509,33.51050186834662,167.55250934173313,Within 20–80% B/B0,False,95.36530923426582,cAMP (% Vehicle Control)
PAC-3310 dose titration (M4),M4,PAC-3310 agonism,,PAC-3310,B6,B,2,-8.0,-8.0,1e-08,0.325,0.29875518672199175,44.07699302396049,220.38496511980244,Within 20–80% B/B0,False,125.43578387338434,cAMP (% Vehicle Control)
PAC-3310 dose titration (M4),M4,PAC-3310 agonism,,PAC-3310,B7,B,2,-9.0,-9.0,1e-09,0.34,0.31950207468879677,38.66620511890501,193.33102559452504,Within 20–80% B/B0,False,110.03758232469174,cAMP (% Vehicle Control)
PAC-3310 dose titration (M4),M4,PAC-3310 agonism,,PAC-3310,B8,B,2,-10.0,-10.0,1e-10,0.369,0.359612724757953,30.376861651765967,151.88430825882983,Within 20–80% B/B0,False,86.44749089011786,cAMP (% Vehicle Control)
PAC-3310 dose titration (M4),M4,PAC-3310 agonism,,PAC-3310,B9,B,2,-11.0,-11.0,1e-11,0.31,0.27800829875518673,50.51373867516983,252.56869337584916,Within 20–80% B/B0,False,143.75369035838744,cAMP (% Vehicle Control)
PAC-3310 dose titration (M4),M4,PAC-3310 agonism,,PAC-3310,C2,C,3,Vehicle Control,,,0.353,0.33748271092669435,34.642395084911016,173.21197542455508,Within 20–80% B/B0,True,98.5864888824224,cAMP (% Vehicle Control)
PAC-3310 dose titration (M4),M4,PAC-3310 agonism,,PAC-3310,C3,C,3,-5.0,-5.0,1e-05,0.408,0.4135546334716459,22.34723575562909,111.73617877814544,Within 20–80% B/B0,False,63.59651242286091,cAMP (% Vehicle Control)
PAC-3310 dose titration (M4),M4,PAC-3310 agonism,,PAC-3310,C4,C,3,-6.0,-6.0,1e-06,0.357,0.343015214384509,33.51050186834662,167.55250934173313,Within 20–80% B/B0,False,95.36530923426582,cAMP (% Vehicle Control)
PAC-3310 dose titration (M4),M4,PAC-3310 agonism,,PAC-3310,C5,C,3,-7.0,-7.0,1e-07,0.34,0.31950207468879677,38.66620511890501,193.33102559452504,Within 20–80% B/B0,False,110.03758232469174,cAMP (% Vehicle Control)
PAC-3310 dose titration (M4),M4,PAC-3310 agonism,,PAC-3310,C6,C,3,-8.0,-8.0,1e-08,0.312,0.28077455048409405,49.586876137806726,247.93438068903362,Within 20–80% B/B0,False,141.1159938881719,cAMP (% Vehicle Control)
PAC-3310 dose titration (M4),M4,PAC-3310 agonism,,PAC-3310,C7,C,3,-9.0,-9.0,1e-09,0.329,0.3042876901798064,42.543631216702295,212.71815608351147,Within 20–80% B/B0,False,121.07209145565554,cAMP (% Vehicle Control)
PAC-3310 dose titration (M4),M4,PAC-3310 agonism,,PAC-3310,C8,C,3,-10.0,-10.0,1e-10,0.375,0.367911479944675,28.943619994160713,144.71809997080356,Within 20–80% B/B0,False,82.36872374953785,cAMP (% Vehicle Control)
PAC-3310 dose titration (M4),M4,PAC-3310 agonism,,PAC-3310,C9,C,3,-11.0,-11.0,1e-11,0.312,0.28077455048409405,49.586876137806726,247.93438068903362,Within 20–80% B/B0,False,141.1159938881719,cAMP (% Vehicle Control)
PAC-3310 dose titration (M4),M4,PAC-3310 agonism,,PAC-3310,D2,D,4,Vehicle Control,,,0.353,0.33748271092669435,34.642395084911016,173.21197542455508,Within 20–80% B/B0,True,98.5864888824224,cAMP (% Vehicle Control)
PAC-3310 dose titration (M4),M4,PAC-3310 agonism,,PAC-3310,D3,D,4,-5.0,-5.0,1e-05,0.397,0.3983402489626557,24.330863469525898,121.65431734762949,Within 20–80% B/B0,False,69.2415866471928,cAMP (% Vehicle Control)
PAC-3310 dose titration (M4),M4,PAC-3310 agonism,,PAC-3310,D4,D,4,-6.0,-6.0,1e-06,0.378,0.37206085753803597,28.257432015489016,141.2871600774451,Within 20–80% B/B0,False,80.4159470040283,cAMP (% Vehicle Control)
PAC-3310 dose titration (M4),M4,PAC-3310 agonism,,PAC-3310,D5,D,4,-7.0,-7.0,1e-07,0.37,0.3609958506224067,30.13215484431531,150.66077422157656,Within 20–80% B/B0,False,85.75109605676249,cAMP (% Vehicle Control)
PAC-3310 dose titration (M4),M4,PAC-3310 agonism,,PAC-3310,D6,D,4,-8.0,-8.0,1e-08,0.347,0.32918395573997233,36.430798653033776,182.15399326516888,Within 20–80% B/B0,False,103.67598769028092,cAMP (% Vehicle Control)
PAC-3310 dose titration (M4),M4,PAC-3310 agonism,,PAC-3310,D7,D,4,-9.0,-9.0,1e-09,0.338,0.3167358229598894,39.336558775152426,196.68279387576212,Within 20–80% B/B0,False,111.94529722480014,cAMP (% Vehicle Control)
PAC-3310 dose titration (M4),M4,PAC-3310 agonism,,PAC-3310,D8,D,4,-10.0,-10.0,1e-10,0.344,0.32503457814661135,37.368332389353625,186.8416619467681,Within 20–80% B/B0,False,106.34405261610503,cAMP (% Vehicle Control)
PAC-3310 dose titration (M4),M4,PAC-3310 agonism,,PAC-3310,D9,D,4,-11.0,-11.0,1e-11,0.338,0.3167358229598894,39.336558775152426,196.68279387576212,Within 20–80% B/B0,False,111.94529722480014,cAMP (% Vehicle Control)
PAC-3310 dose titration (M4),M4,PAC-3310 agonism,,PAC-3310,E2,E,5,Vehicle Control,,,0.342,0.3222683264177041,38.01026912118673,190.05134560593365,Within 20–80% B/B0,True,108.17089768039587,cAMP (% Vehicle Control)
PAC-3310 dose titration (M4),M4,PAC-3310 agonism,,PAC-3310,E3,E,5,-5.0,-5.0,1e-05,0.381,0.376210235131397,27.5905135735837,137.9525678679185,Within 20–80% B/B0,False,78.5180081520169,cAMP (% Vehicle Control)
PAC-3310 dose titration (M4),M4,PAC-3310 agonism,,PAC-3310,E4,E,5,-6.0,-6.0,1e-06,0.4,0.40248962655601667,23.770625068695672,118.85312534347835,Within 20–80% B/B0,False,67.64724143117705,cAMP (% Vehicle Control)
PAC-3310 dose titration (M4),M4,PAC-3310 agonism,,PAC-3310,E5,E,5,-7.0,-7.0,1e-07,0.353,0.33748271092669435,34.642395084911016,173.21197542455508,Within 20–80% B/B0,False,98.5864888824224,cAMP (% Vehicle Control)
PAC-3310 dose titration (M4),M4,PAC-3310 agonism,,PAC-3310,E6,E,5,-8.0,-8.0,1e-08,0.367,0.35684647302904565,30.873523233722434,154.36761616861216,Within 20–80% B/B0,False,87.8609070643709,cAMP (% Vehicle Control)
PAC-3310 dose titration (M4),M4,PAC-3310 agonism,,PAC-3310,E7,E,5,-9.0,-9.0,1e-09,0.347,0.32918395573997233,36.430798653033776,182.15399326516888,Within 20–80% B/B0,False,103.67598769028092,cAMP (% Vehicle Control)
PAC-3310 dose titration (M4),M4,PAC-3310 agonism,,PAC-3310,E8,E,5,-10.0,-10.0,1e-10,0.347,0.32918395573997233,36.430798653033776,182.15399326516888,Within 20–80% B/B0,False,103.67598769028092,cAMP (% Vehicle Control)
PAC-3310 dose titration (M4),M4,PAC-3310 agonism,,PAC-3310,E9,E,5,-11.0,-11.0,1e-11,0.338,0.3167358229598894,39.336558775152426,196.68279387576212,Within 20–80% B/B0,False,111.94529722480014,cAMP (% Vehicle Control)
PAC-3310 dose titration (M4),M4,PAC-3310 agonism,,PAC-3310,F2,F,6,Vehicle Control,,,0.356,0.34163208852005533,33.78913473545577,168.94567367727885,Within 20–80% B/B0,True,96.15825198514098,cAMP (% Vehicle Control)
PAC-3310 dose titration (M4),M4,PAC-3310 agonism,,PAC-3310,F3,F,6,-5.0,-5.0,1e-05,0.406,0.4107883817427387,22.693791573966923,113.46895786983461,Within 20–80% B/B0,False,64.58275258460374,cAMP (% Vehicle Control)
PAC-3310 dose titration (M4),M4,PAC-3310 agonism,,PAC-3310,F4,F,6,-6.0,-6.0,1e-06,0.372,0.363762102351314,29.64983216853416,148.2491608426708,Within 20–80% B/B0,False,84.3784860222343,cAMP (% Vehicle Control)
PAC-3310 dose titration (M4),M4,PAC-3310 agonism,,PAC-3310,F5,F,6,-7.0,-7.0,1e-07,0.353,0.33748271092669435,34.642395084911016,173.21197542455508,Within 20–80% B/B0,False,98.5864888824224,cAMP (% Vehicle Control)
PAC-3310 dose titration (M4),M4,PAC-3310 agonism,,PAC-3310,F6,F,6,-8.0,-8.0,1e-08,0.332,0.30843706777316743,41.43855788147915,207.19278940739574,Within 20–80% B/B0,False,117.92723672461847,cAMP (% Vehicle Control)
PAC-3310 dose titration (M4),M4,PAC-3310 agonism,,PAC-3310,F7,F,6,-9.0,-9.0,1e-09,0.343,0.32365145228215775,37.687576382755196,188.43788191377598,Within 20–80% B/B0,False,107.25256787115947,cAMP (% Vehicle Control)
PAC-3310 dose titration (M4),M4,PAC-3310 agonism,,PAC-3310,F8,F,6,-10.0,-10.0,1e-10,0.343,0.32365145228215775,37.687576382755196,188.43788191377598,Within 20–80% B/B0,False,107.25256787115947,cAMP (% Vehicle Control)
PAC-3310 dose titration (M4),M4,PAC-3310 agonism,,PAC-3310,F9,F,6,-11.0,-11.0,1e-11,0.324,0.2973720608575381,44.471489296191514,222.35744648095758,Within 20–80% B/B0,False,126.55845458541606,cAMP (% Vehicle Control)
PAC-3310 dose titration (M4),M4,PAC-3310 agonism,,PAC-3310,G2,G,7,Vehicle Control,,,0.329,0.3042876901798064,42.543631216702295,212.71815608351147,Within 20–80% B/B0,True,121.07209145565554,cAMP (% Vehicle Control)
PAC-3310 dose titration (M4),M4,PAC-3310 agonism,,PAC-3310,G3,G,7,-5.0,-5.0,1e-05,0.391,0.39004149377593367,25.497647776235763,127.48823888117882,Within 20–80% B/B0,False,72.56206052896951,cAMP (% Vehicle Control)
PAC-3310 dose titration (M4),M4,PAC-3310 agonism,,PAC-3310,G4,G,7,-6.0,-6.0,1e-06,0.351,0.334716459197787,35.22611307232194,176.13056536160968,Within 20–80% B/B0,False,100.24765309278676,cAMP (% Vehicle Control)
PAC-3310 dose titration (M4),M4,PAC-3310 agonism,,PAC-3310,G5,G,7,-7.0,-7.0,1e-07,0.386,0.3831258644536653,26.519868149725582,132.59934074862792,Within 20–80% B/B0,False,75.47112952490436,cAMP (% Vehicle Control)
PAC-3310 dose titration (M4),M4,PAC-3310 agonism,,PAC-3310,G6,G,7,-8.0,-8.0,1e-08,0.341,0.3208852005532504,38.336461433981015,191.68230716990507,Within 20–80% B/B0,False,109.09918669563294,cAMP (% Vehicle Control)
PAC-3310 dose titration (M4),M4,PAC-3310 agonism,,PAC-3310,G7,G,7,-9.0,-9.0,1e-09,0.364,0.35269709543568467,31.637122908702228,158.18561454351115,Within 20–80% B/B0,False,90.03398460948574,cAMP (% Vehicle Control)
PAC-3310 dose titration (M4),M4,PAC-3310 agonism,,PAC-3310,G8,G,7,-10.0,-10.0,1e-10,0.34,0.31950207468879677,38.66620511890501,193.33102559452504,Within 20–80% B/B0,False,110.03758232469174,cAMP (% Vehicle Control)
PAC-3310 dose titration (M4),M4,PAC-3310 agonism,,PAC-3310,G9,G,7,-11.0,-11.0,1e-11,0.353,0.33748271092669435,34.642395084911016,173.21197542455508,Within 20–80% B/B0,False,98.5864888824224,cAMP (% Vehicle Control)
PAC-3310 dose titration (M4),M4,PAC-3310 agonism,,PAC-3310,H2,H,8,Vehicle Control,,,0.385,0.38174273858921165,26.7300269846508,133.650134923254,Within 20–80% B/B0,True,76.06920658026135,cAMP (% Vehicle Control)
PAC-3310 dose titration (M4),M4,PAC-3310 agonism,,PAC-3310,H3,H,8,-5.0,-5.0,1e-05,0.381,0.376210235131397,27.5905135735837,137.9525678679185,Within 20–80% B/B0,False,78.5180081520169,cAMP (% Vehicle Control)
PAC-3310 dose titration (M4),M4,PAC-3310 agonism,,PAC-3310,H4,H,8,-6.0,-6.0,1e-06,0.354,0.338865836791148,34.35504093248365,171.77520466241822,Within 20–80% B/B0,False,97.76872680551743,cAMP (% Vehicle Control)
PAC-3310 dose titration (M4),M4,PAC-3310 agonism,,PAC-3310,H5,H,8,-7.0,-7.0,1e-07,0.353,0.33748271092669435,34.642395084911016,173.21197542455508,Within 20–80% B/B0,False,98.5864888824224,cAMP (% Vehicle Control)
PAC-3310 dose titration (M4),M4,PAC-3310 agonism,,PAC-3310,H6,H,8,-8.0,-8.0,1e-08,0.308,0.2752420470262794,51.463775234915786,257.3188761745789,Within 20–80% B/B0,False,146.45733623811714,cAMP (% Vehicle Control)
PAC-3310 dose titration (M4),M4,PAC-3310 agonism,,PAC-3310,H7,H,8,-9.0,-9.0,1e-09,0.32,0.2918395573997234,46.09626821422089,230.48134107110445,Within 20–80% B/B0,False,131.1823048805842,cAMP (% Vehicle Control)
PAC-3310 dose titration (M4),M4,PAC-3310 agonism,,PAC-3310,H8,H,8,-10.0,-10.0,1e-10,0.349,0.33195020746887965,35.822129629047055,179.11064814523527,Within 20–80% B/B0,False,101.94381698386005,cAMP (% Vehicle Control)
PAC-3310 dose titration (M4),M4,PAC-3310 agonism,,PAC-3310,H9,H,8,-11.0,-11.0,1e-11,0.329,0.3042876901798064,42.543631216702295,212.71815608351147,Within 20–80% B/B0,False,121.07209145565554,cAMP (% Vehicle Control)
PAC-3310 + 100 nM carbachol (M4),M4,PAC-3310 antagonism,100.0,PAC-3310,A2,A,1,Carbachol-only Control (100 nM),,,0.418,0.4528619528619529,16.37803779659912,81.8901889829956,Within 20–80% B/B0,True,11.883343382801467,% Carbachol Signaling Inhibition
PAC-3310 + 100 nM carbachol (M4),M4,PAC-3310 antagonism,100.0,PAC-3310,A3,A,1,-5.0,-5.0,1e-05,0.476,0.5505050505050505,9.710204129542397,48.55102064771199,Within 20–80% B/B0,False,-16.623972285418276,% Carbachol Signaling Inhibition
PAC-3310 + 100 nM carbachol (M4),M4,PAC-3310 antagonism,100.0,PAC-3310,A4,A,1,-6.0,-6.0,1e-06,0.425,0.4646464646464647,15.373064151045325,76.86532075522662,Within 20–80% B/B0,False,7.5867303623555395,% Carbachol Signaling Inhibition
PAC-3310 + 100 nM carbachol (M4),M4,PAC-3310 antagonism,100.0,PAC-3310,A5,A,1,-7.0,-7.0,1e-07,0.433,0.4781144781144782,14.303459044099458,71.51729522049729,Within 20–80% B/B0,False,3.013795291300421,% Carbachol Signaling Inhibition
PAC-3310 + 100 nM carbachol (M4),M4,PAC-3310 antagonism,100.0,PAC-3310,A6,A,1,-8.0,-8.0,1e-08,0.395,0.4141414141414142,20.214842000064102,101.0742100003205,Within 20–80% B/B0,False,28.28702020601311,% Carbachol Signaling Inhibition
PAC-3310 + 100 nM carbachol (M4),M4,PAC-3310 antagonism,100.0,PAC-3310,A7,A,1,-9.0,-9.0,1e-09,0.461,0.5252525252525254,11.120053919633657,55.60026959816828,Within 20–80% B/B0,False,-10.596372465483691,% Carbachol Signaling Inhibition
PAC-3310 + 100 nM carbachol (M4),M4,PAC-3310 antagonism,100.0,PAC-3310,A8,A,1,-10.0,-10.0,1e-10,0.423,0.46127946127946134,15.653347729055758,78.26673864527879,Within 20–80% B/B0,False,8.785040463346483,% Carbachol Signaling Inhibition
PAC-3310 + 100 nM carbachol (M4),M4,PAC-3310 antagonism,100.0,PAC-3310,A9,A,1,-11.0,-11.0,1e-11,0.399,0.4208754208754209,19.481659373959747,97.40829686979873,Within 20–80% B/B0,False,25.152408635230305,% Carbachol Signaling Inhibition
PAC-3310 + 100 nM carbachol (M4),M4,PAC-3310 antagonism,100.0,PAC-3310,A10,A,1,Vehicle Control,,,0.352,0.34175084175084175,30.513972979416412,152.56986489708206,Within 20–80% B/B0,True,72.31939902603503,% Carbachol Signaling Inhibition
PAC-3310 + 100 nM carbachol (M4),M4,PAC-3310 antagonism,100.0,PAC-3310,B2,B,2,Carbachol-only Control (100 nM),,,0.426,0.46632996632996637,15.23491036058741,76.17455180293705,Within 20–80% B/B0,True,6.996074699362177,% Carbachol Signaling Inhibition
PAC-3310 + 100 nM carbachol (M4),M4,PAC-3310 antagonism,100.0,PAC-3310,B3,B,2,-5.0,-5.0,1e-05,0.458,0.5202020202020203,11.424489188781697,57.12244594390849,Within 20–80% B/B0,False,-9.294805457143257,% Carbachol Signaling Inhibition
PAC-3310 + 100 nM carbachol (M4),M4,PAC-3310 antagonism,100.0,PAC-3310,B4,B,2,-6.0,-6.0,1e-06,0.446,0.5000000000000001,12.725783870925188,63.628919354625936,Within 20–80% B/B0,False,-3.731316604006488,% Carbachol Signaling Inhibition
PAC-3310 + 100 nM carbachol (M4),M4,PAC-3310 antagonism,100.0,PAC-3310,B5,B,2,-7.0,-7.0,1e-07,0.423,0.46127946127946134,15.653347729055758,78.26673864527879,Within 20–80% B/B0,False,8.785040463346483,% Carbachol Signaling Inhibition
PAC-3310 + 100 nM carbachol (M4),M4,PAC-3310 antagonism,100.0,PAC-3310,B6,B,2,-8.0,-8.0,1e-08,0.389,0.4040404040404041,21.37385327434136,106.8692663717068,Within 20–80% B/B0,False,33.24219784070536,% Carbachol Signaling Inhibition
PAC-3310 + 100 nM carbachol (M4),M4,PAC-3310 antagonism,100.0,PAC-3310,B7,B,2,-9.0,-9.0,1e-09,0.411,0.4410774410774411,17.453676995264036,87.26838497632018,Within 20–80% B/B0,False,16.48207630155273,% Carbachol Signaling Inhibition
PAC-3310 + 100 nM carbachol (M4),M4,PAC-3310 antagonism,100.0,PAC-3310,B8,B,2,-10.0,-10.0,1e-10,0.438,0.4865319865319866,13.674357436623113,68.37178718311557,Within 20–80% B/B0,False,0.3241663942393287,% Carbachol Signaling Inhibition
PAC-3310 + 100 nM carbachol (M4),M4,PAC-3310 antagonism,100.0,PAC-3310,B9,B,2,-11.0,-11.0,1e-11,0.394,0.4124579124579125,20.402959462657506,102.01479731328753,Within 20–80% B/B0,False,29.091288002216537,% Carbachol Signaling Inhibition
PAC-3310 + 100 nM carbachol (M4),M4,PAC-3310 antagonism,100.0,PAC-3310,B10,B,2,Vehicle Control,,,0.301,0.2558922558922559,52.86644944611026,264.3322472305513,Within 20–80% B/B0,True,167.8840358211469,% Carbachol Signaling Inhibition
PAC-3310 + 100 nM carbachol (M4),M4,PAC-3310 antagonism,100.0,PAC-3310,C2,C,3,Carbachol-only Control (100 nM),,,0.467,0.5353535353535355,10.534371907794831,52.67185953897416,Within 20–80% B/B0,True,-13.100367439920017,% Carbachol Signaling Inhibition
PAC-3310 + 100 nM carbachol (M4),M4,PAC-3310 antagonism,100.0,PAC-3310,C3,C,3,-5.0,-5.0,1e-05,0.515,0.6161616161616161,6.767833453803301,33.83916726901651,Within 20–80% B/B0,False,-29.203633664888905,% Carbachol Signaling Inhibition
PAC-3310 + 100 nM carbachol (M4),M4,PAC-3310 antagonism,100.0,PAC-3310,C4,C,3,-6.0,-6.0,1e-06,0.423,0.46127946127946134,15.653347729055758,78.26673864527879,Within 20–80% B/B0,False,8.785040463346483,% Carbachol Signaling Inhibition
PAC-3310 + 100 nM carbachol (M4),M4,PAC-3310 antagonism,100.0,PAC-3310,C5,C,3,-7.0,-7.0,1e-07,0.416,0.44949494949494956,16.677875456479377,83.38937728239688,Within 20–80% B/B0,False,13.165254007185684,% Carbachol Signaling Inhibition
PAC-3310 + 100 nM carbachol (M4),M4,PAC-3310 antagonism,100.0,PAC-3310,C6,C,3,-8.0,-8.0,1e-08,0.415,0.4478114478114479,16.83000216181808,84.15001080909039,Within 20–80% B/B0,False,13.815648757145143,% Carbachol Signaling Inhibition
PAC-3310 + 100 nM carbachol (M4),M4,PAC-3310 antagonism,100.0,PAC-3310,C7,C,3,-9.0,-9.0,1e-09,0.447,0.5016835016835017,12.611962603848848,63.059813019244245,Within 20–80% B/B0,False,-4.217942238705949,% Carbachol Signaling Inhibition
PAC-3310 + 100 nM carbachol (M4),M4,PAC-3310 antagonism,100.0,PAC-3310,C8,C,3,-10.0,-10.0,1e-10,0.453,0.5117845117845119,11.949961493520249,59.749807467601244,Within 20–80% B/B0,False,-7.048227990746866,% Carbachol Signaling Inhibition
PAC-3310 + 100 nM carbachol (M4),M4,PAC-3310 antagonism,100.0,PAC-3310,C9,C,3,-11.0,-11.0,1e-11,0.386,0.39898989898989906,21.98168513996153,109.90842569980765,Within 20–80% B/B0,False,35.84089116925171,% Carbachol Signaling Inhibition
PAC-3310 + 100 nM carbachol (M4),M4,PAC-3310 antagonism,100.0,PAC-3310,C10,C,3,Vehicle Control,,,0.32,0.2878787878787879,42.60642084711814,213.03210423559068,Within 20–80% B/B0,True,124.01883332194626,% Carbachol Signaling Inhibition
PAC-3310 + 100 nM carbachol (M4),M4,PAC-3310 antagonism,100.0,PAC-3310,D2,D,4,Carbachol-only Control (100 nM),,,0.522,0.6279461279461279,6.330007468037949,31.650037340189744,Within 20–80% B/B0,True,-31.075492533478798,% Carbachol Signaling Inhibition
PAC-3310 + 100 nM carbachol (M4),M4,PAC-3310 antagonism,100.0,PAC-3310,D3,D,4,-5.0,-5.0,1e-05,0.487,0.569023569023569,8.78376132659544,43.9188066329772,Within 20–80% B/B0,False,-20.584838550370733,% Carbachol Signaling Inhibition
PAC-3310 + 100 nM carbachol (M4),M4,PAC-3310 antagonism,100.0,PAC-3310,D4,D,4,-6.0,-6.0,1e-06,0.433,0.4781144781144782,14.303459044099458,71.51729522049729,Within 20–80% B/B0,False,3.013795291300421,% Carbachol Signaling Inhibition
PAC-3310 + 100 nM carbachol (M4),M4,PAC-3310 antagonism,100.0,PAC-3310,D5,D,4,-7.0,-7.0,1e-07,0.423,0.46127946127946134,15.653347729055758,78.26673864527879,Within 20–80% B/B0,False,8.785040463346483,% Carbachol Signaling Inhibition
PAC-3310 + 100 nM carbachol (M4),M4,PAC-3310 antagonism,100.0,PAC-3310,D6,D,4,-8.0,-8.0,1e-08,0.43,0.47306397306397313,14.695173133966355,73.47586566983178,Within 20–80% B/B0,False,4.688509714171469,% Carbachol Signaling Inhibition
PAC-3310 + 100 nM carbachol (M4),M4,PAC-3310 antagonism,100.0,PAC-3310,D7,D,4,-9.0,-9.0,1e-09,0.414,0.44612794612794615,16.98362611223361,84.91813056116804,Within 20–80% B/B0,False,14.472444752271938,% Carbachol Signaling Inhibition
PAC-3310 + 100 nM carbachol (M4),M4,PAC-3310 antagonism,100.0,PAC-3310,D8,D,4,-10.0,-10.0,1e-10,0.42,0.45622895622895626,16.083964249640196,80.41982124820098,Within 20–80% B/B0,False,10.626076352544011,% Carbachol Signaling Inhibition
PAC-3310 + 100 nM carbachol (M4),M4,PAC-3310 antagonism,100.0,PAC-3310,D9,D,4,-11.0,-11.0,1e-11,0.419,0.4545454545454546,16.23028962439243,81.15144812196215,Within 20–80% B/B0,False,11.251668389871147,% Carbachol Signaling Inhibition
PAC-3310 + 100 nM carbachol (M4),M4,PAC-3310 antagonism,100.0,PAC-3310,D10,D,4,Vehicle Control,,,0.314,0.2777777777777778,45.53360851067192,227.66804255335958,Within 20–80% B/B0,True,136.5335820262103,% Carbachol Signaling Inhibition
PAC-3310 + 100 nM carbachol (M4),M4,PAC-3310 antagonism,100.0,PAC-3310,E2,E,5,Carbachol-only Control (100 nM),,,0.422,0.45959595959595967,15.795510734047037,78.97755367023518,Within 20–80% B/B0,True,9.392836917485983,% Carbachol Signaling Inhibition
PAC-3310 + 100 nM carbachol (M4),M4,PAC-3310 antagonism,100.0,PAC-3310,E3,E,5,-5.0,-5.0,1e-05,0.47,0.5404040404040403,10.252633033285099,51.263165166425495,Within 20–80% B/B0,False,-14.304899441271393,% Carbachol Signaling Inhibition
PAC-3310 + 100 nM carbachol (M4),M4,PAC-3310 antagonism,100.0,PAC-3310,E4,E,5,-6.0,-6.0,1e-06,0.462,0.526936026936027,11.020324405377675,55.10162202688838,Within 20–80% B/B0,False,-11.022750939556877,% Carbachol Signaling Inhibition
PAC-3310 + 100 nM carbachol (M4),M4,PAC-3310 antagonism,100.0,PAC-3310,E5,E,5,-7.0,-7.0,1e-07,0.447,0.5016835016835017,12.611962603848848,63.059813019244245,Within 20–80% B/B0,False,-4.217942238705949,% Carbachol Signaling Inhibition
PAC-3310 + 100 nM carbachol (M4),M4,PAC-3310 antagonism,100.0,PAC-3310,E6,E,5,-8.0,-8.0,1e-08,0.423,0.46127946127946134,15.653347729055758,78.26673864527879,Within 20–80% B/B0,False,8.785040463346483,% Carbachol Signaling Inhibition
PAC-3310 + 100 nM carbachol (M4),M4,PAC-3310 antagonism,100.0,PAC-3310,E7,E,5,-9.0,-9.0,1e-09,0.42,0.45622895622895626,16.083964249640196,80.41982124820098,Within 20–80% B/B0,False,10.626076352544011,% Carbachol Signaling Inhibition
PAC-3310 + 100 nM carbachol (M4),M4,PAC-3310 antagonism,100.0,PAC-3310,E8,E,5,-10.0,-10.0,1e-10,0.424,0.462962962962963,15.512537782034318,77.56268891017159,Within 20–80% B/B0,False,8.183028804177816,% Carbachol Signaling Inhibition
PAC-3310 + 100 nM carbachol (M4),M4,PAC-3310 antagonism,100.0,PAC-3310,E9,E,5,-11.0,-11.0,1e-11,0.413,0.4444444444444445,17.138766700589077,85.69383350294538,Within 20–80% B/B0,False,15.135724903823002,% Carbachol Signaling Inhibition
PAC-3310 + 100 nM carbachol (M4),M4,PAC-3310 antagonism,100.0,PAC-3310,E10,E,5,Vehicle Control,,,0.347,0.3333333333333333,32.08570387361639,160.42851936808194,Within 20–80% B/B0,True,79.03909705446979,% Carbachol Signaling Inhibition
PAC-3310 + 100 nM carbachol (M4),M4,PAC-3310 antagonism,100.0,PAC-3310,F2,F,6,Carbachol-only Control (100 nM),,,0.422,0.45959595959595967,15.795510734047037,78.97755367023518,Within 20–80% B/B0,True,9.392836917485983,% Carbachol Signaling Inhibition
PAC-3310 + 100 nM carbachol (M4),M4,PAC-3310 antagonism,100.0,PAC-3310,F3,F,6,-5.0,-5.0,1e-05,0.512,0.6111111111111112,6.962944242998971,34.814721214994854,Within 20–80% B/B0,False,-28.369466957138435,% Carbachol Signaling Inhibition
PAC-3310 + 100 nM carbachol (M4),M4,PAC-3310 antagonism,100.0,PAC-3310,F4,F,6,-6.0,-6.0,1e-06,0.433,0.4781144781144782,14.303459044099458,71.51729522049729,Within 20–80% B/B0,False,3.013795291300421,% Carbachol Signaling Inhibition
PAC-3310 + 100 nM carbachol (M4),M4,PAC-3310 antagonism,100.0,PAC-3310,F5,F,6,-7.0,-7.0,1e-07,0.452,0.5101010101010102,12.057859896039579,60.2892994801979,Within 20–80% B/B0,False,-6.586924668813081,% Carbachol Signaling Inhibition
PAC-3310 + 100 nM carbachol (M4),M4,PAC-3310 antagonism,100.0,PAC-3310,F6,F,6,-8.0,-8.0,1e-08,0.423,0.46127946127946134,15.653347729055758,78.26673864527879,Within 20–80% B/B0,False,8.785040463346483,% Carbachol Signaling Inhibition
PAC-3310 + 100 nM carbachol (M4),M4,PAC-3310 antagonism,100.0,PAC-3310,F7,F,6,-9.0,-9.0,1e-09,0.406,0.4326599326599327,18.268915693218446,91.34457846609223,Within 20–80% B/B0,False,19.96750621297303,% Carbachol Signaling Inhibition
PAC-3310 + 100 nM carbachol (M4),M4,PAC-3310 antagonism,100.0,PAC-3310,F8,F,6,-10.0,-10.0,1e-10,0.397,0.41750841750841755,19.844446318280895,99.22223159140447,Within 20–80% B/B0,False,26.70344941676151,% Carbachol Signaling Inhibition
PAC-3310 + 100 nM carbachol (M4),M4,PAC-3310 antagonism,100.0,PAC-3310,F9,F,6,-11.0,-11.0,1e-11,0.424,0.462962962962963,15.512537782034318,77.56268891017159,Within 20–80% B/B0,False,8.183028804177816,% Carbachol Signaling Inhibition
PAC-3310 + 100 nM carbachol (M4),M4,PAC-3310 antagonism,100.0,PAC-3310,F10,F,6,Vehicle Control,,,0.381,0.3905723905723906,23.039594541307366,115.19797270653683,Within 20–80% B/B0,True,40.36382301764849,% Carbachol Signaling Inhibition
PAC-3310 + 100 nM carbachol (M4),M4,PAC-3310 antagonism,100.0,PAC-3310,G2,G,7,Carbachol-only Control (100 nM),,,0.412,0.4427609427609428,17.295443644949383,86.47721822474692,Within 20–80% B/B0,True,15.805573513406411,% Carbachol Signaling Inhibition
PAC-3310 + 100 nM carbachol (M4),M4,PAC-3310 antagonism,100.0,PAC-3310,G3,G,7,-5.0,-5.0,1e-05,0.468,0.5370370370370372,10.439657095762584,52.19828547881292,Within 20–80% B/B0,False,-13.505306312105658,% Carbachol Signaling Inhibition
PAC-3310 + 100 nM carbachol (M4),M4,PAC-3310 antagonism,100.0,PAC-3310,G4,G,7,-6.0,-6.0,1e-06,0.376,0.3821548821548822,24.15724046910846,120.78620234554229,Within 20–80% B/B0,False,45.1421493617113,% Carbachol Signaling Inhibition
PAC-3310 + 100 nM carbachol (M4),M4,PAC-3310 antagonism,100.0,PAC-3310,G5,G,7,-7.0,-7.0,1e-07,0.474,0.547138047138047,9.88797175465841,49.43985877329205,Within 20–80% B/B0,False,-15.863953656008034,% Carbachol Signaling Inhibition
PAC-3310 + 100 nM carbachol (M4),M4,PAC-3310 antagonism,100.0,PAC-3310,G6,G,7,-8.0,-8.0,1e-08,0.384,0.39562289562289565,22.397957575755672,111.98978787877836,Within 20–80% B/B0,False,37.6206010906002,% Carbachol Signaling Inhibition
PAC-3310 + 100 nM carbachol (M4),M4,PAC-3310 antagonism,100.0,PAC-3310,G7,G,7,-9.0,-9.0,1e-09,0.423,0.46127946127946134,15.653347729055758,78.26673864527879,Within 20–80% B/B0,False,8.785040463346483,% Carbachol Signaling Inhibition
PAC-3310 + 100 nM carbachol (M4),M4,PAC-3310 antagonism,100.0,PAC-3310,G8,G,7,-10.0,-10.0,1e-10,0.425,0.4646464646464647,15.373064151045325,76.86532075522662,Within 20–80% B/B0,False,7.5867303623555395,% Carbachol Signaling Inhibition
PAC-3310 + 100 nM carbachol (M4),M4,PAC-3310 antagonism,100.0,PAC-3310,G9,G,7,-11.0,-11.0,1e-11,0.451,0.5084175084175085,12.16671765017804,60.8335882508902,Within 20–80% B/B0,False,-6.121519783941624,% Carbachol Signaling Inhibition
PAC-3310 + 100 nM carbachol (M4),M4,PAC-3310 antagonism,100.0,PAC-3310,G10,G,7,Vehicle Control,,,0.359,0.35353535353535354,28.470036053787148,142.35018026893573,Within 20–80% B/B0,True,63.580855436874984,% Carbachol Signaling Inhibition
PAC-3310 + 100 nM carbachol (M4),M4,PAC-3310 antagonism,100.0,PAC-3310,H2,H,8,Carbachol-only Control (100 nM),,,0.458,0.5202020202020203,11.424489188781697,57.12244594390849,Within 20–80% B/B0,True,-9.294805457143257,% Carbachol Signaling Inhibition
PAC-3310 + 100 nM carbachol (M4),M4,PAC-3310 antagonism,100.0,PAC-3310,H3,H,8,-5.0,-5.0,1e-05,0.463,0.5286195286195288,10.921453504854126,54.60726752427063,Within 20–80% B/B0,False,-11.44545854031053,% Carbachol Signaling Inhibition
PAC-3310 + 100 nM carbachol (M4),M4,PAC-3310 antagonism,100.0,PAC-3310,H4,H,8,-6.0,-6.0,1e-06,0.37,0.3720538720538721,25.58378895241598,127.91894476207989,Within 20–80% B/B0,False,51.241141922156885,% Carbachol Signaling Inhibition
PAC-3310 + 100 nM carbachol (M4),M4,PAC-3310 antagonism,100.0,PAC-3310,H5,H,8,-7.0,-7.0,1e-07,0.423,0.46127946127946134,15.653347729055758,78.26673864527879,Within 20–80% B/B0,False,8.785040463346483,% Carbachol Signaling Inhibition
PAC-3310 + 100 nM carbachol (M4),M4,PAC-3310 antagonism,100.0,PAC-3310,H6,H,8,-8.0,-8.0,1e-08,0.364,0.36195286195286197,27.111884237946732,135.55942118973365,Within 20–80% B/B0,False,57.77428249687858,% Carbachol Signaling Inhibition
PAC-3310 + 100 nM carbachol (M4),M4,PAC-3310 antagonism,100.0,PAC-3310,H7,H,8,-9.0,-9.0,1e-09,0.381,0.3905723905723906,23.039594541307366,115.19797270653683,Within 20–80% B/B0,False,40.36382301764849,% Carbachol Signaling Inhibition
PAC-3310 + 100 nM carbachol (M4),M4,PAC-3310 antagonism,100.0,PAC-3310,H8,H,8,-10.0,-10.0,1e-10,0.472,0.5437710437710437,10.068759953450076,50.34379976725038,Within 20–80% B/B0,False,-15.091021020104737,% Carbachol Signaling Inhibition
PAC-3310 + 100 nM carbachol (M4),M4,PAC-3310 antagonism,100.0,PAC-3310,H9,H,8,-11.0,-11.0,1e-11,0.45,0.5067340067340068,12.276545655390342,61.38272827695171,Within 20–80% B/B0,False,-5.651966737160241,% Carbachol Signaling Inhibition
PAC-3310 + 100 nM carbachol (M4),M4,PAC-3310 antagonism,100.0,PAC-3310,H10,H,8,Vehicle Control,,,0.324,0.29461279461279466,40.79172475640314,203.9586237820157,Within 20–80% B/B0,True,116.26037429566824,% Carbachol Signaling Inhibition
