Time (s),PAC-3310 Concentration (log M),Replicate,Fluorescence (RFU)
0,-5.0,1,38
6,-5.0,1,37
12,-5.0,1,36
18,-5.0,1,35
24,-5.0,1,35
30,-5.0,1,34
36,-5.0,1,35
42,-5.0,1,34
48,-5.0,1,34
54,-5.0,1,35
60,-5.0,1,35
66,-5.0,1,35
72,-5.0,1,35
78,-5.0,1,35
84,-5.0,1,34
90,-5.0,1,34
96,-5.0,1,35
102,-5.0,1,35
108,-5.0,1,35
114,-5.0,1,34
120,-5.0,1,35
126,-5.0,1,35
132,-5.0,1,34
138,-5.0,1,35
144,-5.0,1,35
150,-5.0,1,35
156,-5.0,1,35
162,-5.0,1,35
168,-5.0,1,35
174,-5.0,1,35
180,-5.0,1,35
186,-5.0,1,35
192,-5.0,1,35
198,-5.0,1,35
204,-5.0,1,35
210,-5.0,1,35
216,-5.0,1,35
222,-5.0,1,35
228,-5.0,1,35
234,-5.0,1,35
240,-5.0,1,35
246,-5.0,1,35
252,-5.0,1,35
258,-5.0,1,35
264,-5.0,1,35
270,-5.0,1,34
276,-5.0,1,35
282,-5.0,1,35
288,-5.0,1,35
294,-5.0,1,35
300,-5.0,1,35
0,-5.0,2,32
5,-5.0,2,32
10,-5.0,2,32
15,-5.0,2,33
20,-5.0,2,33
25,-5.0,2,33
30,-5.0,2,33
35,-5.0,2,34
40,-5.0,2,34
45,-5.0,2,34
50,-5.0,2,34
55,-5.0,2,34
60,-5.0,2,34
65,-5.0,2,34
70,-5.0,2,34
75,-5.0,2,34
80,-5.0,2,34
85,-5.0,2,34
90,-5.0,2,34
95,-5.0,2,35
100,-5.0,2,34
105,-5.0,2,35
110,-5.0,2,34
115,-5.0,2,34
120,-5.0,2,35
125,-5.0,2,34
130,-5.0,2,35
135,-5.0,2,35
140,-5.0,2,35
145,-5.0,2,35
150,-5.0,2,35
155,-5.0,2,35
160,-5.0,2,35
165,-5.0,2,35
170,-5.0,2,35
175,-5.0,2,35
180,-5.0,2,35
185,-5.0,2,35
190,-5.0,2,35
195,-5.0,2,35
200,-5.0,2,35
205,-5.0,2,35
210,-5.0,2,35
215,-5.0,2,35
220,-5.0,2,35
225,-5.0,2,35
230,-5.0,2,35
235,-5.0,2,35
240,-5.0,2,35
245,-5.0,2,35
250,-5.0,2,35
255,-5.0,2,35
260,-5.0,2,35
265,-5.0,2,35
270,-5.0,2,35
275,-5.0,2,35
280,-5.0,2,35
285,-5.0,2,35
290,-5.0,2,35
295,-5.0,2,35
300,-5.0,2,35
0,-5.0,3,32
5,-5.0,3,32
10,-5.0,3,33
15,-5.0,3,33
20,-5.0,3,33
25,-5.0,3,33
30,-5.0,3,33
35,-5.0,3,33
40,-5.0,3,34
45,-5.0,3,34
50,-5.0,3,33
55,-5.0,3,34
60,-5.0,3,34
65,-5.0,3,34
70,-5.0,3,34
75,-5.0,3,34
80,-5.0,3,34
85,-5.0,3,34
90,-5.0,3,34
95,-5.0,3,34
100,-5.0,3,34
105,-5.0,3,34
110,-5.0,3,35
115,-5.0,3,34
120,-5.0,3,35
125,-5.0,3,35
130,-5.0,3,34
135,-5.0,3,35
140,-5.0,3,35
145,-5.0,3,35
150,-5.0,3,35
155,-5.0,3,35
160,-5.0,3,35
165,-5.0,3,35
170,-5.0,3,35
175,-5.0,3,35
180,-5.0,3,35
185,-5.0,3,35
190,-5.0,3,35
195,-5.0,3,35
200,-5.0,3,35
205,-5.0,3,35
210,-5.0,3,34
215,-5.0,3,35
220,-5.0,3,35
225,-5.0,3,35
230,-5.0,3,35
235,-5.0,3,34
240,-5.0,3,35
245,-5.0,3,35
250,-5.0,3,35
255,-5.0,3,35
260,-5.0,3,35
265,-5.0,3,35
270,-5.0,3,35
275,-5.0,3,35
280,-5.0,3,35
285,-5.0,3,35
290,-5.0,3,35
295,-5.0,3,35
300,-5.0,3,35
0,-5.0,4,33
5,-5.0,4,34
10,-5.0,4,34
15,-5.0,4,34
20,-5.0,4,34
25,-5.0,4,34
30,-5.0,4,34
35,-5.0,4,34
40,-5.0,4,35
45,-5.0,4,35
50,-5.0,4,35
55,-5.0,4,35
60,-5.0,4,35
65,-5.0,4,35
70,-5.0,4,35
75,-5.0,4,35
80,-5.0,4,35
85,-5.0,4,35
90,-5.0,4,35
95,-5.0,4,35
100,-5.0,4,36
105,-5.0,4,35
110,-5.0,4,36
115,-5.0,4,36
120,-5.0,4,36
125,-5.0,4,36
130,-5.0,4,35
135,-5.0,4,36
140,-5.0,4,36
145,-5.0,4,35
150,-5.0,4,36
155,-5.0,4,36
160,-5.0,4,35
165,-5.0,4,36
170,-5.0,4,36
175,-5.0,4,36
180,-5.0,4,35
185,-5.0,4,35
190,-5.0,4,35
195,-5.0,4,36
200,-5.0,4,36
205,-5.0,4,36
210,-5.0,4,36
215,-5.0,4,36
220,-5.0,4,36
225,-5.0,4,35
230,-5.0,4,35
235,-5.0,4,35
240,-5.0,4,36
245,-5.0,4,35
250,-5.0,4,35
255,-5.0,4,35
260,-5.0,4,35
265,-5.0,4,36
270,-5.0,4,36
275,-5.0,4,35
280,-5.0,4,36
285,-5.0,4,36
290,-5.0,4,35
295,-5.0,4,36
300,-5.0,4,36
0,-6.0,1,32
6,-6.0,1,33
12,-6.0,1,33
18,-6.0,1,33
24,-6.0,1,34
30,-6.0,1,34
36,-6.0,1,34
42,-6.0,1,34
48,-6.0,1,34
54,-6.0,1,34
60,-6.0,1,34
66,-6.0,1,34
72,-6.0,1,34
78,-6.0,1,35
84,-6.0,1,35
90,-6.0,1,35
96,-6.0,1,35
102,-6.0,1,35
108,-6.0,1,35
114,-6.0,1,35
120,-6.0,1,35
126,-6.0,1,35
132,-6.0,1,35
138,-6.0,1,35
144,-6.0,1,35
150,-6.0,1,35
156,-6.0,1,35
162,-6.0,1,35
168,-6.0,1,35
174,-6.0,1,35
180,-6.0,1,36
186,-6.0,1,35
192,-6.0,1,35
198,-6.0,1,35
204,-6.0,1,35
210,-6.0,1,35
216,-6.0,1,35
222,-6.0,1,35
228,-6.0,1,35
234,-6.0,1,35
240,-6.0,1,35
246,-6.0,1,35
252,-6.0,1,35
258,-6.0,1,35
264,-6.0,1,36
270,-6.0,1,36
276,-6.0,1,35
282,-6.0,1,35
288,-6.0,1,35
294,-6.0,1,35
300,-6.0,1,35
0,-6.0,2,33
5,-6.0,2,33
10,-6.0,2,34
15,-6.0,2,34
20,-6.0,2,34
25,-6.0,2,34
30,-6.0,2,34
35,-6.0,2,34
40,-6.0,2,35
45,-6.0,2,35
50,-6.0,2,34
55,-6.0,2,35
60,-6.0,2,34
65,-6.0,2,35
70,-6.0,2,35
75,-6.0,2,35
80,-6.0,2,35
85,-6.0,2,35
90,-6.0,2,35
95,-6.0,2,35
100,-6.0,2,35
105,-6.0,2,35
110,-6.0,2,35
115,-6.0,2,36
120,-6.0,2,35
125,-6.0,2,36
130,-6.0,2,36
135,-6.0,2,36
140,-6.0,2,36
145,-6.0,2,36
150,-6.0,2,36
155,-6.0,2,36
160,-6.0,2,36
165,-6.0,2,36
170,-6.0,2,36
175,-6.0,2,35
180,-6.0,2,36
185,-6.0,2,36
190,-6.0,2,36
195,-6.0,2,36
200,-6.0,2,36
205,-6.0,2,36
210,-6.0,2,36
215,-6.0,2,36
220,-6.0,2,35
225,-6.0,2,36
230,-6.0,2,36
235,-6.0,2,36
240,-6.0,2,36
245,-6.0,2,36
250,-6.0,2,36
255,-6.0,2,36
260,-6.0,2,36
265,-6.0,2,36
270,-6.0,2,36
275,-6.0,2,36
280,-6.0,2,35
285,-6.0,2,36
290,-6.0,2,35
295,-6.0,2,35
300,-6.0,2,36
0,-6.0,3,33
5,-6.0,3,34
10,-6.0,3,34
15,-6.0,3,34
20,-6.0,3,34
25,-6.0,3,34
30,-6.0,3,34
35,-6.0,3,34
40,-6.0,3,34
45,-6.0,3,35
50,-6.0,3,35
55,-6.0,3,35
60,-6.0,3,35
65,-6.0,3,35
70,-6.0,3,35
75,-6.0,3,35
80,-6.0,3,35
85,-6.0,3,36
90,-6.0,3,35
95,-6.0,3,36
100,-6.0,3,35
105,-6.0,3,35
110,-6.0,3,36
115,-6.0,3,35
120,-6.0,3,36
125,-6.0,3,36
130,-6.0,3,36
135,-6.0,3,36
140,-6.0,3,36
145,-6.0,3,36
150,-6.0,3,36
155,-6.0,3,36
160,-6.0,3,36
165,-6.0,3,36
170,-6.0,3,36
175,-6.0,3,36
180,-6.0,3,36
185,-6.0,3,36
190,-6.0,3,36
195,-6.0,3,36
200,-6.0,3,36
205,-6.0,3,36
210,-6.0,3,36
215,-6.0,3,36
220,-6.0,3,36
225,-6.0,3,36
230,-6.0,3,36
235,-6.0,3,35
240,-6.0,3,36
245,-6.0,3,36
250,-6.0,3,36
255,-6.0,3,36
260,-6.0,3,36
265,-6.0,3,36
270,-6.0,3,36
275,-6.0,3,36
280,-6.0,3,36
285,-6.0,3,36
290,-6.0,3,35
295,-6.0,3,35
300,-6.0,3,36
0,-6.0,4,34
5,-6.0,4,34
10,-6.0,4,34
15,-6.0,4,35
20,-6.0,4,35
25,-6.0,4,35
30,-6.0,4,34
35,-6.0,4,35
40,-6.0,4,35
45,-6.0,4,35
50,-6.0,4,36
55,-6.0,4,36
60,-6.0,4,35
65,-6.0,4,35
70,-6.0,4,35
75,-6.0,4,35
80,-6.0,4,36
85,-6.0,4,36
90,-6.0,4,36
95,-6.0,4,36
100,-6.0,4,36
105,-6.0,4,36
110,-6.0,4,36
115,-6.0,4,36
120,-6.0,4,36
125,-6.0,4,36
130,-6.0,4,36
135,-6.0,4,36
140,-6.0,4,36
145,-6.0,4,37
150,-6.0,4,36
155,-6.0,4,37
160,-6.0,4,36
165,-6.0,4,36
170,-6.0,4,37
175,-6.0,4,37
180,-6.0,4,36
185,-6.0,4,36
190,-6.0,4,37
195,-6.0,4,36
200,-6.0,4,37
205,-6.0,4,37
210,-6.0,4,37
215,-6.0,4,37
220,-6.0,4,37
225,-6.0,4,37
230,-6.0,4,36
235,-6.0,4,36
240,-6.0,4,36
245,-6.0,4,37
250,-6.0,4,37
255,-6.0,4,36
260,-6.0,4,36
265,-6.0,4,36
270,-6.0,4,36
275,-6.0,4,36
280,-6.0,4,36
285,-6.0,4,36
290,-6.0,4,36
295,-6.0,4,36
300,-6.0,4,36
0,-7.0,1,34
6,-7.0,1,34
12,-7.0,1,34
18,-7.0,1,34
24,-7.0,1,34
30,-7.0,1,34
36,-7.0,1,34
42,-7.0,1,35
48,-7.0,1,34
54,-7.0,1,35
60,-7.0,1,35
66,-7.0,1,35
72,-7.0,1,35
78,-7.0,1,35
84,-7.0,1,35
90,-7.0,1,35
96,-7.0,1,36
102,-7.0,1,35
108,-7.0,1,36
114,-7.0,1,35
120,-7.0,1,36
126,-7.0,1,35
132,-7.0,1,36
138,-7.0,1,36
144,-7.0,1,36
150,-7.0,1,36
156,-7.0,1,35
162,-7.0,1,36
168,-7.0,1,35
174,-7.0,1,36
180,-7.0,1,36
186,-7.0,1,36
192,-7.0,1,36
198,-7.0,1,36
204,-7.0,1,36
210,-7.0,1,36
216,-7.0,1,36
222,-7.0,1,36
228,-7.0,1,36
234,-7.0,1,36
240,-7.0,1,35
246,-7.0,1,36
252,-7.0,1,36
258,-7.0,1,35
264,-7.0,1,35
270,-7.0,1,35
276,-7.0,1,35
282,-7.0,1,36
288,-7.0,1,35
294,-7.0,1,36
300,-7.0,1,36
0,-7.0,2,33
5,-7.0,2,34
10,-7.0,2,34
15,-7.0,2,34
20,-7.0,2,34
25,-7.0,2,34
30,-7.0,2,34
35,-7.0,2,34
40,-7.0,2,34
45,-7.0,2,34
50,-7.0,2,34
55,-7.0,2,35
60,-7.0,2,35
65,-7.0,2,35
70,-7.0,2,35
75,-7.0,2,35
80,-7.0,2,35
85,-7.0,2,35
90,-7.0,2,35
95,-7.0,2,35
100,-7.0,2,35
105,-7.0,2,35
110,-7.0,2,35
115,-7.0,2,35
120,-7.0,2,35
125,-7.0,2,35
130,-7.0,2,35
135,-7.0,2,35
140,-7.0,2,35
145,-7.0,2,35
150,-7.0,2,36
155,-7.0,2,36
160,-7.0,2,36
165,-7.0,2,36
170,-7.0,2,35
175,-7.0,2,36
180,-7.0,2,35
185,-7.0,2,36
190,-7.0,2,35
195,-7.0,2,36
200,-7.0,2,35
205,-7.0,2,35
210,-7.0,2,35
215,-7.0,2,35
220,-7.0,2,35
225,-7.0,2,35
230,-7.0,2,35
235,-7.0,2,35
240,-7.0,2,35
245,-7.0,2,36
250,-7.0,2,35
255,-7.0,2,35
260,-7.0,2,35
265,-7.0,2,35
270,-7.0,2,35
275,-7.0,2,35
280,-7.0,2,35
285,-7.0,2,35
290,-7.0,2,35
295,-7.0,2,35
300,-7.0,2,35
0,-7.0,3,34
5,-7.0,3,34
10,-7.0,3,34
15,-7.0,3,34
20,-7.0,3,35
25,-7.0,3,35
30,-7.0,3,35
35,-7.0,3,35
40,-7.0,3,35
45,-7.0,3,35
50,-7.0,3,35
55,-7.0,3,35
60,-7.0,3,35
65,-7.0,3,35
70,-7.0,3,35
75,-7.0,3,35
80,-7.0,3,36
85,-7.0,3,36
90,-7.0,3,35
95,-7.0,3,36
100,-7.0,3,36
105,-7.0,3,36
110,-7.0,3,36
115,-7.0,3,36
120,-7.0,3,36
125,-7.0,3,36
130,-7.0,3,36
135,-7.0,3,36
140,-7.0,3,36
145,-7.0,3,36
150,-7.0,3,36
155,-7.0,3,36
160,-7.0,3,36
165,-7.0,3,36
170,-7.0,3,36
175,-7.0,3,36
180,-7.0,3,36
185,-7.0,3,36
190,-7.0,3,36
195,-7.0,3,36
200,-7.0,3,36
205,-7.0,3,36
210,-7.0,3,36
215,-7.0,3,36
220,-7.0,3,36
225,-7.0,3,36
230,-7.0,3,36
235,-7.0,3,36
240,-7.0,3,36
245,-7.0,3,36
250,-7.0,3,35
255,-7.0,3,36
260,-7.0,3,35
265,-7.0,3,36
270,-7.0,3,36
275,-7.0,3,35
280,-7.0,3,36
285,-7.0,3,36
290,-7.0,3,36
295,-7.0,3,36
300,-7.0,3,36
0,-7.0,4,34
5,-7.0,4,35
10,-7.0,4,35
15,-7.0,4,35
20,-7.0,4,35
25,-7.0,4,35
30,-7.0,4,36
35,-7.0,4,36
40,-7.0,4,36
45,-7.0,4,36
50,-7.0,4,36
55,-7.0,4,36
60,-7.0,4,36
65,-7.0,4,36
70,-7.0,4,36
75,-7.0,4,36
80,-7.0,4,37
85,-7.0,4,37
90,-7.0,4,37
95,-7.0,4,37
100,-7.0,4,37
105,-7.0,4,37
110,-7.0,4,37
115,-7.0,4,37
120,-7.0,4,37
125,-7.0,4,37
130,-7.0,4,37
135,-7.0,4,37
140,-7.0,4,37
145,-7.0,4,37
150,-7.0,4,37
155,-7.0,4,37
160,-7.0,4,37
165,-7.0,4,37
170,-7.0,4,37
175,-7.0,4,37
180,-7.0,4,37
185,-7.0,4,37
190,-7.0,4,37
195,-7.0,4,37
200,-7.0,4,37
205,-7.0,4,37
210,-7.0,4,37
215,-7.0,4,37
220,-7.0,4,37
225,-7.0,4,37
230,-7.0,4,37
235,-7.0,4,37
240,-7.0,4,37
245,-7.0,4,37
250,-7.0,4,37
255,-7.0,4,36
260,-7.0,4,36
265,-7.0,4,37
270,-7.0,4,37
275,-7.0,4,36
280,-7.0,4,37
285,-7.0,4,36
290,-7.0,4,37
295,-7.0,4,36
300,-7.0,4,36
0,-8.0,1,33
6,-8.0,1,33
12,-8.0,1,34
18,-8.0,1,34
24,-8.0,1,34
30,-8.0,1,34
36,-8.0,1,34
42,-8.0,1,34
48,-8.0,1,34
54,-8.0,1,34
60,-8.0,1,35
66,-8.0,1,35
72,-8.0,1,35
78,-8.0,1,35
84,-8.0,1,35
90,-8.0,1,35
96,-8.0,1,35
102,-8.0,1,35
108,-8.0,1,35
114,-8.0,1,36
120,-8.0,1,36
126,-8.0,1,35
132,-8.0,1,36
138,-8.0,1,36
144,-8.0,1,36
150,-8.0,1,35
156,-8.0,1,36
162,-8.0,1,36
168,-8.0,1,36
174,-8.0,1,36
180,-8.0,1,36
186,-8.0,1,36
192,-8.0,1,36
198,-8.0,1,36
204,-8.0,1,36
210,-8.0,1,36
216,-8.0,1,36
222,-8.0,1,36
228,-8.0,1,36
234,-8.0,1,36
240,-8.0,1,36
246,-8.0,1,36
252,-8.0,1,35
258,-8.0,1,36
264,-8.0,1,36
270,-8.0,1,35
276,-8.0,1,36
282,-8.0,1,36
288,-8.0,1,35
294,-8.0,1,36
300,-8.0,1,36
0,-8.0,2,33
5,-8.0,2,33
10,-8.0,2,34
15,-8.0,2,34
20,-8.0,2,34
25,-8.0,2,34
30,-8.0,2,34
35,-8.0,2,34
40,-8.0,2,35
45,-8.0,2,35
50,-8.0,2,35
55,-8.0,2,35
60,-8.0,2,35
65,-8.0,2,35
70,-8.0,2,35
75,-8.0,2,36
80,-8.0,2,35
85,-8.0,2,36
90,-8.0,2,36
95,-8.0,2,36
100,-8.0,2,36
105,-8.0,2,36
110,-8.0,2,36
115,-8.0,2,36
120,-8.0,2,36
125,-8.0,2,36
130,-8.0,2,36
135,-8.0,2,36
140,-8.0,2,36
145,-8.0,2,36
150,-8.0,2,36
155,-8.0,2,37
160,-8.0,2,36
165,-8.0,2,36
170,-8.0,2,36
175,-8.0,2,36
180,-8.0,2,36
185,-8.0,2,36
190,-8.0,2,36
195,-8.0,2,36
200,-8.0,2,36
205,-8.0,2,36
210,-8.0,2,36
215,-8.0,2,36
220,-8.0,2,37
225,-8.0,2,36
230,-8.0,2,36
235,-8.0,2,36
240,-8.0,2,36
245,-8.0,2,36
250,-8.0,2,36
255,-8.0,2,36
260,-8.0,2,36
265,-8.0,2,36
270,-8.0,2,36
275,-8.0,2,36
280,-8.0,2,36
285,-8.0,2,36
290,-8.0,2,36
295,-8.0,2,36
300,-8.0,2,36
0,-8.0,3,33
5,-8.0,3,33
10,-8.0,3,33
15,-8.0,3,34
20,-8.0,3,33
25,-8.0,3,34
30,-8.0,3,34
35,-8.0,3,34
40,-8.0,3,34
45,-8.0,3,35
50,-8.0,3,35
55,-8.0,3,34
60,-8.0,3,35
65,-8.0,3,35
70,-8.0,3,35
75,-8.0,3,35
80,-8.0,3,35
85,-8.0,3,35
90,-8.0,3,35
95,-8.0,3,35
100,-8.0,3,35
105,-8.0,3,35
110,-8.0,3,35
115,-8.0,3,36
120,-8.0,3,35
125,-8.0,3,36
130,-8.0,3,35
135,-8.0,3,36
140,-8.0,3,35
145,-8.0,3,35
150,-8.0,3,36
155,-8.0,3,35
160,-8.0,3,36
165,-8.0,3,35
170,-8.0,3,36
175,-8.0,3,35
180,-8.0,3,35
185,-8.0,3,35
190,-8.0,3,35
195,-8.0,3,35
200,-8.0,3,36
205,-8.0,3,35
210,-8.0,3,35
215,-8.0,3,35
220,-8.0,3,36
225,-8.0,3,35
230,-8.0,3,35
235,-8.0,3,35
240,-8.0,3,35
245,-8.0,3,35
250,-8.0,3,36
255,-8.0,3,35
260,-8.0,3,35
265,-8.0,3,35
270,-8.0,3,35
275,-8.0,3,35
280,-8.0,3,35
285,-8.0,3,35
290,-8.0,3,35
295,-8.0,3,35
300,-8.0,3,35
0,-8.0,4,33
5,-8.0,4,34
10,-8.0,4,34
15,-8.0,4,34
20,-8.0,4,34
25,-8.0,4,35
30,-8.0,4,35
35,-8.0,4,35
40,-8.0,4,35
45,-8.0,4,35
50,-8.0,4,35
55,-8.0,4,35
60,-8.0,4,35
65,-8.0,4,35
70,-8.0,4,36
75,-8.0,4,36
80,-8.0,4,36
85,-8.0,4,36
90,-8.0,4,36
95,-8.0,4,36
100,-8.0,4,36
105,-8.0,4,36
110,-8.0,4,36
115,-8.0,4,37
120,-8.0,4,36
125,-8.0,4,36
130,-8.0,4,36
135,-8.0,4,36
140,-8.0,4,36
145,-8.0,4,36
150,-8.0,4,37
155,-8.0,4,37
160,-8.0,4,37
165,-8.0,4,36
170,-8.0,4,37
175,-8.0,4,37
180,-8.0,4,36
185,-8.0,4,36
190,-8.0,4,36
195,-8.0,4,36
200,-8.0,4,36
205,-8.0,4,36
210,-8.0,4,36
215,-8.0,4,37
220,-8.0,4,36
225,-8.0,4,36
230,-8.0,4,36
235,-8.0,4,36
240,-8.0,4,36
245,-8.0,4,36
250,-8.0,4,36
255,-8.0,4,36
260,-8.0,4,36
265,-8.0,4,36
270,-8.0,4,36
275,-8.0,4,36
280,-8.0,4,36
285,-8.0,4,36
290,-8.0,4,36
295,-8.0,4,36
300,-8.0,4,36
0,-9.0,1,33
6,-9.0,1,33
12,-9.0,1,33
18,-9.0,1,34
24,-9.0,1,34
30,-9.0,1,34
36,-9.0,1,34
42,-9.0,1,34
48,-9.0,1,34
54,-9.0,1,34
60,-9.0,1,34
66,-9.0,1,34
72,-9.0,1,35
78,-9.0,1,35
84,-9.0,1,35
90,-9.0,1,35
96,-9.0,1,35
102,-9.0,1,35
108,-9.0,1,35
114,-9.0,1,35
120,-9.0,1,35
126,-9.0,1,35
132,-9.0,1,35
138,-9.0,1,35
144,-9.0,1,35
150,-9.0,1,35
156,-9.0,1,35
162,-9.0,1,35
168,-9.0,1,35
174,-9.0,1,35
180,-9.0,1,36
186,-9.0,1,35
192,-9.0,1,35
198,-9.0,1,35
204,-9.0,1,35
210,-9.0,1,35
216,-9.0,1,35
222,-9.0,1,35
228,-9.0,1,35
234,-9.0,1,35
240,-9.0,1,35
246,-9.0,1,35
252,-9.0,1,35
258,-9.0,1,35
264,-9.0,1,35
270,-9.0,1,35
276,-9.0,1,35
282,-9.0,1,35
288,-9.0,1,35
294,-9.0,1,35
300,-9.0,1,35
0,-9.0,2,32
5,-9.0,2,33
10,-9.0,2,33
15,-9.0,2,33
20,-9.0,2,33
25,-9.0,2,33
30,-9.0,2,33
35,-9.0,2,33
40,-9.0,2,33
45,-9.0,2,34
50,-9.0,2,34
55,-9.0,2,34
60,-9.0,2,34
65,-9.0,2,34
70,-9.0,2,34
75,-9.0,2,34
80,-9.0,2,34
85,-9.0,2,34
90,-9.0,2,34
95,-9.0,2,35
100,-9.0,2,35
105,-9.0,2,35
110,-9.0,2,35
115,-9.0,2,35
120,-9.0,2,35
125,-9.0,2,34
130,-9.0,2,35
135,-9.0,2,35
140,-9.0,2,35
145,-9.0,2,35
150,-9.0,2,34
155,-9.0,2,35
160,-9.0,2,35
165,-9.0,2,35
170,-9.0,2,35
175,-9.0,2,35
180,-9.0,2,34
185,-9.0,2,35
190,-9.0,2,35
195,-9.0,2,35
200,-9.0,2,35
205,-9.0,2,35
210,-9.0,2,35
215,-9.0,2,35
220,-9.0,2,35
225,-9.0,2,35
230,-9.0,2,34
235,-9.0,2,35
240,-9.0,2,35
245,-9.0,2,35
250,-9.0,2,35
255,-9.0,2,34
260,-9.0,2,35
265,-9.0,2,35
270,-9.0,2,34
275,-9.0,2,35
280,-9.0,2,34
285,-9.0,2,34
290,-9.0,2,34
295,-9.0,2,34
300,-9.0,2,34
0,-9.0,3,33
5,-9.0,3,33
10,-9.0,3,33
15,-9.0,3,34
20,-9.0,3,33
25,-9.0,3,33
30,-9.0,3,34
35,-9.0,3,33
40,-9.0,3,34
45,-9.0,3,34
50,-9.0,3,34
55,-9.0,3,34
60,-9.0,3,34
65,-9.0,3,34
70,-9.0,3,34
75,-9.0,3,34
80,-9.0,3,34
85,-9.0,3,34
90,-9.0,3,35
95,-9.0,3,34
100,-9.0,3,34
105,-9.0,3,35
110,-9.0,3,35
115,-9.0,3,35
120,-9.0,3,35
125,-9.0,3,35
130,-9.0,3,35
135,-9.0,3,35
140,-9.0,3,35
145,-9.0,3,35
150,-9.0,3,35
155,-9.0,3,35
160,-9.0,3,35
165,-9.0,3,35
170,-9.0,3,35
175,-9.0,3,35
180,-9.0,3,35
185,-9.0,3,35
190,-9.0,3,35
195,-9.0,3,35
200,-9.0,3,35
205,-9.0,3,35
210,-9.0,3,35
215,-9.0,3,35
220,-9.0,3,35
225,-9.0,3,35
230,-9.0,3,35
235,-9.0,3,35
240,-9.0,3,35
245,-9.0,3,35
250,-9.0,3,34
255,-9.0,3,35
260,-9.0,3,34
265,-9.0,3,35
270,-9.0,3,34
275,-9.0,3,35
280,-9.0,3,35
285,-9.0,3,35
290,-9.0,3,35
295,-9.0,3,34
300,-9.0,3,35
0,-9.0,4,33
5,-9.0,4,33
10,-9.0,4,34
15,-9.0,4,33
20,-9.0,4,34
25,-9.0,4,34
30,-9.0,4,34
35,-9.0,4,34
40,-9.0,4,34
45,-9.0,4,34
50,-9.0,4,34
55,-9.0,4,34
60,-9.0,4,34
65,-9.0,4,35
70,-9.0,4,34
75,-9.0,4,34
80,-9.0,4,35
85,-9.0,4,34
90,-9.0,4,35
95,-9.0,4,35
100,-9.0,4,35
105,-9.0,4,35
110,-9.0,4,35
115,-9.0,4,35
120,-9.0,4,35
125,-9.0,4,35
130,-9.0,4,35
135,-9.0,4,35
140,-9.0,4,35
145,-9.0,4,35
150,-9.0,4,35
155,-9.0,4,35
160,-9.0,4,35
165,-9.0,4,35
170,-9.0,4,35
175,-9.0,4,35
180,-9.0,4,35
185,-9.0,4,35
190,-9.0,4,36
195,-9.0,4,35
200,-9.0,4,35
205,-9.0,4,35
210,-9.0,4,35
215,-9.0,4,35
220,-9.0,4,36
225,-9.0,4,35
230,-9.0,4,35
235,-9.0,4,35
240,-9.0,4,35
245,-9.0,4,35
250,-9.0,4,35
255,-9.0,4,35
260,-9.0,4,35
265,-9.0,4,35
270,-9.0,4,35
275,-9.0,4,35
280,-9.0,4,35
285,-9.0,4,35
290,-9.0,4,35
295,-9.0,4,35
300,-9.0,4,35
0,-10.0,1,33
6,-10.0,1,33
12,-10.0,1,33
18,-10.0,1,33
24,-10.0,1,33
30,-10.0,1,33
36,-10.0,1,33
42,-10.0,1,33
48,-10.0,1,34
54,-10.0,1,34
60,-10.0,1,34
66,-10.0,1,34
72,-10.0,1,34
78,-10.0,1,34
84,-10.0,1,34
90,-10.0,1,34
96,-10.0,1,34
102,-10.0,1,34
108,-10.0,1,34
114,-10.0,1,34
120,-10.0,1,34
126,-10.0,1,34
132,-10.0,1,34
138,-10.0,1,34
144,-10.0,1,35
150,-10.0,1,34
156,-10.0,1,34
162,-10.0,1,34
168,-10.0,1,35
174,-10.0,1,35
180,-10.0,1,34
186,-10.0,1,35
192,-10.0,1,34
198,-10.0,1,34
204,-10.0,1,34
210,-10.0,1,34
216,-10.0,1,35
222,-10.0,1,34
228,-10.0,1,34
234,-10.0,1,34
240,-10.0,1,34
246,-10.0,1,34
252,-10.0,1,35
258,-10.0,1,34
264,-10.0,1,34
270,-10.0,1,34
276,-10.0,1,35
282,-10.0,1,34
288,-10.0,1,34
294,-10.0,1,34
300,-10.0,1,35
0,-10.0,2,32
5,-10.0,2,33
10,-10.0,2,33
15,-10.0,2,33
20,-10.0,2,34
25,-10.0,2,34
30,-10.0,2,33
35,-10.0,2,33
40,-10.0,2,33
45,-10.0,2,33
50,-10.0,2,34
55,-10.0,2,33
60,-10.0,2,34
65,-10.0,2,33
70,-10.0,2,34
75,-10.0,2,34
80,-10.0,2,34
85,-10.0,2,34
90,-10.0,2,34
95,-10.0,2,34
100,-10.0,2,34
105,-10.0,2,34
110,-10.0,2,34
115,-10.0,2,34
120,-10.0,2,34
125,-10.0,2,34
130,-10.0,2,34
135,-10.0,2,34
140,-10.0,2,34
145,-10.0,2,34
150,-10.0,2,34
155,-10.0,2,34
160,-10.0,2,34
165,-10.0,2,34
170,-10.0,2,34
175,-10.0,2,34
180,-10.0,2,34
185,-10.0,2,34
190,-10.0,2,34
195,-10.0,2,34
200,-10.0,2,34
205,-10.0,2,34
210,-10.0,2,34
215,-10.0,2,34
220,-10.0,2,34
225,-10.0,2,34
230,-10.0,2,34
235,-10.0,2,34
240,-10.0,2,34
245,-10.0,2,34
250,-10.0,2,34
255,-10.0,2,34
260,-10.0,2,34
265,-10.0,2,34
270,-10.0,2,34
275,-10.0,2,34
280,-10.0,2,34
285,-10.0,2,34
290,-10.0,2,34
295,-10.0,2,34
300,-10.0,2,34
0,-10.0,3,35
5,-10.0,3,34
10,-10.0,3,34
15,-10.0,3,34
20,-10.0,3,34
25,-10.0,3,34
30,-10.0,3,34
35,-10.0,3,34
40,-10.0,3,34
45,-10.0,3,34
50,-10.0,3,34
55,-10.0,3,34
60,-10.0,3,34
65,-10.0,3,34
70,-10.0,3,34
75,-10.0,3,34
80,-10.0,3,34
85,-10.0,3,34
90,-10.0,3,34
95,-10.0,3,35
100,-10.0,3,34
105,-10.0,3,34
110,-10.0,3,34
115,-10.0,3,34
120,-10.0,3,34
125,-10.0,3,35
130,-10.0,3,34
135,-10.0,3,34
140,-10.0,3,35
145,-10.0,3,34
150,-10.0,3,34
155,-10.0,3,34
160,-10.0,3,34
165,-10.0,3,34
170,-10.0,3,34
175,-10.0,3,34
180,-10.0,3,35
185,-10.0,3,34
190,-10.0,3,34
195,-10.0,3,34
200,-10.0,3,34
205,-10.0,3,34
210,-10.0,3,34
215,-10.0,3,34
220,-10.0,3,34
225,-10.0,3,34
230,-10.0,3,34
235,-10.0,3,34
240,-10.0,3,34
245,-10.0,3,35
250,-10.0,3,34
255,-10.0,3,35
260,-10.0,3,34
265,-10.0,3,34
270,-10.0,3,34
275,-10.0,3,34
280,-10.0,3,34
285,-10.0,3,34
290,-10.0,3,34
295,-10.0,3,34
300,-10.0,3,34
0,-10.0,4,33
5,-10.0,4,34
10,-10.0,4,34
15,-10.0,4,34
20,-10.0,4,34
25,-10.0,4,34
30,-10.0,4,34
35,-10.0,4,34
40,-10.0,4,34
45,-10.0,4,34
50,-10.0,4,34
55,-10.0,4,34
60,-10.0,4,34
65,-10.0,4,34
70,-10.0,4,34
75,-10.0,4,34
80,-10.0,4,34
85,-10.0,4,35
90,-10.0,4,34
95,-10.0,4,35
100,-10.0,4,34
105,-10.0,4,35
110,-10.0,4,35
115,-10.0,4,35
120,-10.0,4,35
125,-10.0,4,35
130,-10.0,4,35
135,-10.0,4,35
140,-10.0,4,35
145,-10.0,4,35
150,-10.0,4,35
155,-10.0,4,35
160,-10.0,4,35
165,-10.0,4,35
170,-10.0,4,35
175,-10.0,4,35
180,-10.0,4,35
185,-10.0,4,35
190,-10.0,4,35
195,-10.0,4,35
200,-10.0,4,35
205,-10.0,4,35
210,-10.0,4,35
215,-10.0,4,35
220,-10.0,4,35
225,-10.0,4,35
230,-10.0,4,35
235,-10.0,4,35
240,-10.0,4,35
245,-10.0,4,35
250,-10.0,4,35
255,-10.0,4,35
260,-10.0,4,35
265,-10.0,4,35
270,-10.0,4,35
275,-10.0,4,35
280,-10.0,4,35
285,-10.0,4,34
290,-10.0,4,35
295,-10.0,4,35
300,-10.0,4,35
0,-11.0,1,32
6,-11.0,1,32
12,-11.0,1,33
18,-11.0,1,33
24,-11.0,1,33
30,-11.0,1,34
36,-11.0,1,33
42,-11.0,1,33
48,-11.0,1,33
54,-11.0,1,34
60,-11.0,1,34
66,-11.0,1,33
72,-11.0,1,34
78,-11.0,1,34
84,-11.0,1,34
90,-11.0,1,34
96,-11.0,1,34
102,-11.0,1,34
108,-11.0,1,35
114,-11.0,1,34
120,-11.0,1,34
126,-11.0,1,35
132,-11.0,1,35
138,-11.0,1,34
144,-11.0,1,35
150,-11.0,1,35
156,-11.0,1,35
162,-11.0,1,35
168,-11.0,1,35
174,-11.0,1,35
180,-11.0,1,34
186,-11.0,1,34
192,-11.0,1,35
198,-11.0,1,35
204,-11.0,1,35
210,-11.0,1,35
216,-11.0,1,34
222,-11.0,1,35
228,-11.0,1,35
234,-11.0,1,35
240,-11.0,1,35
246,-11.0,1,35
252,-11.0,1,35
258,-11.0,1,35
264,-11.0,1,35
270,-11.0,1,35
276,-11.0,1,35
282,-11.0,1,35
288,-11.0,1,35
294,-11.0,1,35
300,-11.0,1,35
0,-11.0,2,31
5,-11.0,2,32
10,-11.0,2,32
15,-11.0,2,32
20,-11.0,2,32
25,-11.0,2,32
30,-11.0,2,33
35,-11.0,2,33
40,-11.0,2,32
45,-11.0,2,33
50,-11.0,2,33
55,-11.0,2,33
60,-11.0,2,33
65,-11.0,2,33
70,-11.0,2,33
75,-11.0,2,33
80,-11.0,2,34
85,-11.0,2,33
90,-11.0,2,33
95,-11.0,2,34
100,-11.0,2,34
105,-11.0,2,34
110,-11.0,2,34
115,-11.0,2,34
120,-11.0,2,34
125,-11.0,2,34
130,-11.0,2,34
135,-11.0,2,34
140,-11.0,2,34
145,-11.0,2,34
150,-11.0,2,34
155,-11.0,2,34
160,-11.0,2,34
165,-11.0,2,34
170,-11.0,2,34
175,-11.0,2,34
180,-11.0,2,34
185,-11.0,2,34
190,-11.0,2,34
195,-11.0,2,34
200,-11.0,2,34
205,-11.0,2,34
210,-11.0,2,34
215,-11.0,2,34
220,-11.0,2,34
225,-11.0,2,34
230,-11.0,2,34
235,-11.0,2,34
240,-11.0,2,34
245,-11.0,2,34
250,-11.0,2,34
255,-11.0,2,34
260,-11.0,2,34
265,-11.0,2,34
270,-11.0,2,34
275,-11.0,2,34
280,-11.0,2,34
285,-11.0,2,34
290,-11.0,2,34
295,-11.0,2,34
300,-11.0,2,34
0,-11.0,3,33
5,-11.0,3,33
10,-11.0,3,33
15,-11.0,3,33
20,-11.0,3,33
25,-11.0,3,34
30,-11.0,3,34
35,-11.0,3,34
40,-11.0,3,33
45,-11.0,3,33
50,-11.0,3,34
55,-11.0,3,34
60,-11.0,3,34
65,-11.0,3,34
70,-11.0,3,34
75,-11.0,3,34
80,-11.0,3,34
85,-11.0,3,34
90,-11.0,3,35
95,-11.0,3,34
100,-11.0,3,35
105,-11.0,3,35
110,-11.0,3,34
115,-11.0,3,35
120,-11.0,3,35
125,-11.0,3,35
130,-11.0,3,35
135,-11.0,3,35
140,-11.0,3,35
145,-11.0,3,35
150,-11.0,3,35
155,-11.0,3,35
160,-11.0,3,35
165,-11.0,3,35
170,-11.0,3,35
175,-11.0,3,35
180,-11.0,3,35
185,-11.0,3,35
190,-11.0,3,35
195,-11.0,3,35
200,-11.0,3,35
205,-11.0,3,35
210,-11.0,3,35
215,-11.0,3,35
220,-11.0,3,35
225,-11.0,3,35
230,-11.0,3,35
235,-11.0,3,35
240,-11.0,3,35
245,-11.0,3,35
250,-11.0,3,35
255,-11.0,3,35
260,-11.0,3,35
265,-11.0,3,35
270,-11.0,3,35
275,-11.0,3,35
280,-11.0,3,35
285,-11.0,3,35
290,-11.0,3,35
295,-11.0,3,35
300,-11.0,3,35
0,-11.0,4,33
5,-11.0,4,33
10,-11.0,4,33
15,-11.0,4,33
20,-11.0,4,33
25,-11.0,4,34
30,-11.0,4,33
35,-11.0,4,33
40,-11.0,4,33
45,-11.0,4,34
50,-11.0,4,34
55,-11.0,4,34
60,-11.0,4,34
65,-11.0,4,34
70,-11.0,4,34
75,-11.0,4,34
80,-11.0,4,34
85,-11.0,4,34
90,-11.0,4,35
95,-11.0,4,35
100,-11.0,4,34
105,-11.0,4,35
110,-11.0,4,34
115,-11.0,4,35
120,-11.0,4,35
125,-11.0,4,35
130,-11.0,4,35
135,-11.0,4,35
140,-11.0,4,35
145,-11.0,4,35
150,-11.0,4,35
155,-11.0,4,35
160,-11.0,4,35
165,-11.0,4,35
170,-11.0,4,35
175,-11.0,4,35
180,-11.0,4,35
185,-11.0,4,35
190,-11.0,4,35
195,-11.0,4,35
200,-11.0,4,35
205,-11.0,4,36
210,-11.0,4,35
215,-11.0,4,35
220,-11.0,4,35
225,-11.0,4,35
230,-11.0,4,35
235,-11.0,4,35
240,-11.0,4,35
245,-11.0,4,35
250,-11.0,4,35
255,-11.0,4,35
260,-11.0,4,35
265,-11.0,4,35
270,-11.0,4,35
275,-11.0,4,35
280,-11.0,4,35
285,-11.0,4,35
290,-11.0,4,35
295,-11.0,4,35
300,-11.0,4,35
0,Vehicle Control,1,31
6,Vehicle Control,1,31
12,Vehicle Control,1,31
18,Vehicle Control,1,31
24,Vehicle Control,1,31
30,Vehicle Control,1,31
36,Vehicle Control,1,31
42,Vehicle Control,1,31
48,Vehicle Control,1,32
54,Vehicle Control,1,32
60,Vehicle Control,1,32
66,Vehicle Control,1,32
72,Vehicle Control,1,32
78,Vehicle Control,1,32
84,Vehicle Control,1,32
90,Vehicle Control,1,32
96,Vehicle Control,1,32
102,Vehicle Control,1,33
108,Vehicle Control,1,33
114,Vehicle Control,1,33
120,Vehicle Control,1,33
126,Vehicle Control,1,33
132,Vehicle Control,1,33
138,Vehicle Control,1,33
144,Vehicle Control,1,33
150,Vehicle Control,1,33
156,Vehicle Control,1,33
162,Vehicle Control,1,33
168,Vehicle Control,1,33
174,Vehicle Control,1,34
180,Vehicle Control,1,34
186,Vehicle Control,1,33
192,Vehicle Control,1,33
198,Vehicle Control,1,33
204,Vehicle Control,1,33
210,Vehicle Control,1,33
216,Vehicle Control,1,33
222,Vehicle Control,1,33
228,Vehicle Control,1,34
234,Vehicle Control,1,33
240,Vehicle Control,1,33
246,Vehicle Control,1,34
252,Vehicle Control,1,33
258,Vehicle Control,1,34
264,Vehicle Control,1,33
270,Vehicle Control,1,34
276,Vehicle Control,1,33
282,Vehicle Control,1,33
288,Vehicle Control,1,34
294,Vehicle Control,1,34
300,Vehicle Control,1,33
0,Vehicle Control,2,30
5,Vehicle Control,2,31
10,Vehicle Control,2,31
15,Vehicle Control,2,31
20,Vehicle Control,2,31
25,Vehicle Control,2,31
30,Vehicle Control,2,31
35,Vehicle Control,2,31
40,Vehicle Control,2,31
45,Vehicle Control,2,32
50,Vehicle Control,2,32
55,Vehicle Control,2,32
60,Vehicle Control,2,32
65,Vehicle Control,2,32
70,Vehicle Control,2,32
75,Vehicle Control,2,32
80,Vehicle Control,2,33
85,Vehicle Control,2,33
90,Vehicle Control,2,32
95,Vehicle Control,2,33
100,Vehicle Control,2,33
105,Vehicle Control,2,32
110,Vehicle Control,2,33
115,Vehicle Control,2,33
120,Vehicle Control,2,33
125,Vehicle Control,2,33
130,Vehicle Control,2,33
135,Vehicle Control,2,33
140,Vehicle Control,2,33
145,Vehicle Control,2,33
150,Vehicle Control,2,33
155,Vehicle Control,2,33
160,Vehicle Control,2,33
165,Vehicle Control,2,33
170,Vehicle Control,2,33
175,Vehicle Control,2,33
180,Vehicle Control,2,33
185,Vehicle Control,2,33
190,Vehicle Control,2,33
195,Vehicle Control,2,33
200,Vehicle Control,2,33
205,Vehicle Control,2,34
210,Vehicle Control,2,33
215,Vehicle Control,2,34
220,Vehicle Control,2,33
225,Vehicle Control,2,33
230,Vehicle Control,2,33
235,Vehicle Control,2,33
240,Vehicle Control,2,33
245,Vehicle Control,2,33
250,Vehicle Control,2,33
255,Vehicle Control,2,34
260,Vehicle Control,2,33
265,Vehicle Control,2,33
270,Vehicle Control,2,33
275,Vehicle Control,2,33
280,Vehicle Control,2,33
285,Vehicle Control,2,33
290,Vehicle Control,2,33
295,Vehicle Control,2,33
300,Vehicle Control,2,33
0,Vehicle Control,3,29
5,Vehicle Control,3,30
10,Vehicle Control,3,30
15,Vehicle Control,3,31
20,Vehicle Control,3,31
25,Vehicle Control,3,31
30,Vehicle Control,3,31
35,Vehicle Control,3,31
40,Vehicle Control,3,31
45,Vehicle Control,3,31
50,Vehicle Control,3,31
55,Vehicle Control,3,31
60,Vehicle Control,3,32
65,Vehicle Control,3,31
70,Vehicle Control,3,32
75,Vehicle Control,3,32
80,Vehicle Control,3,32
85,Vehicle Control,3,32
90,Vehicle Control,3,33
95,Vehicle Control,3,32
100,Vehicle Control,3,32
105,Vehicle Control,3,32
110,Vehicle Control,3,33
115,Vehicle Control,3,32
120,Vehicle Control,3,32
125,Vehicle Control,3,32
130,Vehicle Control,3,33
135,Vehicle Control,3,33
140,Vehicle Control,3,33
145,Vehicle Control,3,33
150,Vehicle Control,3,32
155,Vehicle Control,3,33
160,Vehicle Control,3,33
165,Vehicle Control,3,33
170,Vehicle Control,3,33
175,Vehicle Control,3,33
180,Vehicle Control,3,33
185,Vehicle Control,3,33
190,Vehicle Control,3,33
195,Vehicle Control,3,33
200,Vehicle Control,3,33
205,Vehicle Control,3,33
210,Vehicle Control,3,33
215,Vehicle Control,3,33
220,Vehicle Control,3,33
225,Vehicle Control,3,33
230,Vehicle Control,3,33
235,Vehicle Control,3,33
240,Vehicle Control,3,33
245,Vehicle Control,3,33
250,Vehicle Control,3,32
255,Vehicle Control,3,33
260,Vehicle Control,3,32
265,Vehicle Control,3,33
270,Vehicle Control,3,33
275,Vehicle Control,3,33
280,Vehicle Control,3,33
285,Vehicle Control,3,33
290,Vehicle Control,3,33
295,Vehicle Control,3,33
300,Vehicle Control,3,33
0,Vehicle Control,4,31
5,Vehicle Control,4,31
10,Vehicle Control,4,31
15,Vehicle Control,4,32
20,Vehicle Control,4,32
25,Vehicle Control,4,32
30,Vehicle Control,4,32
35,Vehicle Control,4,32
40,Vehicle Control,4,32
45,Vehicle Control,4,32
50,Vehicle Control,4,33
55,Vehicle Control,4,33
60,Vehicle Control,4,32
65,Vehicle Control,4,33
70,Vehicle Control,4,33
75,Vehicle Control,4,33
80,Vehicle Control,4,33
85,Vehicle Control,4,33
90,Vehicle Control,4,33
95,Vehicle Control,4,33
100,Vehicle Control,4,33
105,Vehicle Control,4,33
110,Vehicle Control,4,33
115,Vehicle Control,4,33
120,Vehicle Control,4,34
125,Vehicle Control,4,33
130,Vehicle Control,4,34
135,Vehicle Control,4,34
140,Vehicle Control,4,34
145,Vehicle Control,4,34
150,Vehicle Control,4,34
155,Vehicle Control,4,33
160,Vehicle Control,4,34
165,Vehicle Control,4,33
170,Vehicle Control,4,34
175,Vehicle Control,4,34
180,Vehicle Control,4,34
185,Vehicle Control,4,34
190,Vehicle Control,4,34
195,Vehicle Control,4,34
200,Vehicle Control,4,34
205,Vehicle Control,4,34
210,Vehicle Control,4,34
215,Vehicle Control,4,33
220,Vehicle Control,4,34
225,Vehicle Control,4,34
230,Vehicle Control,4,34
235,Vehicle Control,4,34
240,Vehicle Control,4,34
245,Vehicle Control,4,34
250,Vehicle Control,4,34
255,Vehicle Control,4,34
260,Vehicle Control,4,34
265,Vehicle Control,4,34
270,Vehicle Control,4,33
275,Vehicle Control,4,34
280,Vehicle Control,4,33
285,Vehicle Control,4,34
290,Vehicle Control,4,34
295,Vehicle Control,4,34
300,Vehicle Control,4,34
