Condition,Receptor,Assay Mode,Fixed Carbachol (nM),Concentration (log M),Concentration (M),Replicate,Peak Fluorescence (RFU),F0 (RFU),F0 Source,ΔF/F0,Transient Fit Method,Transient R²,PAC-3310 Activation (% Max Carbachol),Control-referenced % Inhibition,Range-referenced % Inhibition
Carbachol dose titration (M1),M1,Carbachol agonism,,-5.0,1e-05,1,66.0,33.307377049180324,Carbachol dose titration (M1) / Vehicle Control,0.981543004798819,raw peak fallback,,,,
Carbachol dose titration (M1),M1,Carbachol agonism,,-5.0,1e-05,2,66.96352746797811,33.307377049180324,Carbachol dose titration (M1) / Vehicle Control,1.010471355012509,rise-decay fit,0.8674268818020235,,,
Carbachol dose titration (M1),M1,Carbachol agonism,,-5.0,1e-05,3,65.47531025331777,33.307377049180324,Carbachol dose titration (M1) / Vehicle Control,0.9657900457499125,rise-decay fit,0.890752822017341,,,
Carbachol dose titration (M1),M1,Carbachol agonism,,-5.0,1e-05,4,68.1609842941588,33.307377049180324,Carbachol dose titration (M1) / Vehicle Control,1.0464230549741291,rise-decay fit,0.8758891203612196,,,
Carbachol dose titration (M1),M1,Carbachol agonism,,-6.0,1e-06,1,56.84257777766149,33.307377049180324,Carbachol dose titration (M1) / Vehicle Control,0.7066062480311807,rise-decay fit,0.8577769803948715,,,
Carbachol dose titration (M1),M1,Carbachol agonism,,-6.0,1e-06,2,56.15543280319608,33.307377049180324,Carbachol dose titration (M1) / Vehicle Control,0.6859758341306563,rise-decay fit,0.8834289200912142,,,
Carbachol dose titration (M1),M1,Carbachol agonism,,-6.0,1e-06,3,56.261840395118575,33.307377049180324,Carbachol dose titration (M1) / Vehicle Control,0.6891705495765884,rise-decay fit,0.8775260915555521,,,
Carbachol dose titration (M1),M1,Carbachol agonism,,-6.0,1e-06,4,56.020103350739404,33.307377049180324,Carbachol dose titration (M1) / Vehicle Control,0.6819127867085537,rise-decay fit,0.8959575179634062,,,
Carbachol dose titration (M1),M1,Carbachol agonism,,-7.0,1e-07,1,43.51353728136676,33.307377049180324,Carbachol dose titration (M1) / Vehicle Control,0.3064234153628018,rise-decay fit,0.8562229331826039,,,
Carbachol dose titration (M1),M1,Carbachol agonism,,-7.0,1e-07,2,44.148950944037026,33.307377049180324,Carbachol dose titration (M1) / Vehicle Control,0.3255006804903452,rise-decay fit,0.9034825820578551,,,
Carbachol dose titration (M1),M1,Carbachol agonism,,-7.0,1e-07,3,42.69641266170157,33.307377049180324,Carbachol dose titration (M1) / Vehicle Control,0.2818905733302799,rise-decay fit,0.8955266845085539,,,
Carbachol dose titration (M1),M1,Carbachol agonism,,-7.0,1e-07,4,44.854708588033475,33.307377049180324,Carbachol dose titration (M1) / Vehicle Control,0.34668990961980667,rise-decay fit,0.8969590288071277,,,
Carbachol dose titration (M1),M1,Carbachol agonism,,-8.0,1e-08,1,35.966910502988085,33.307377049180324,Carbachol dose titration (M1) / Vehicle Control,0.07984818047607896,rise-decay fit,0.6882344606735742,,,
Carbachol dose titration (M1),M1,Carbachol agonism,,-8.0,1e-08,2,36.956581345188866,33.307377049180324,Carbachol dose titration (M1) / Vehicle Control,0.10956144311875037,rise-decay fit,0.5049813150020938,,,
Carbachol dose titration (M1),M1,Carbachol agonism,,-8.0,1e-08,3,36.595565962251484,33.307377049180324,Carbachol dose titration (M1) / Vehicle Control,0.09872254150232104,rise-decay fit,0.7297180081356505,,,
Carbachol dose titration (M1),M1,Carbachol agonism,,-8.0,1e-08,4,37.14603015365467,33.307377049180324,Carbachol dose titration (M1) / Vehicle Control,0.11524933647000622,rise-decay fit,0.7388997561360893,,,
Carbachol dose titration (M1),M1,Carbachol agonism,,-9.0,1e-09,1,34.90146326186241,33.307377049180324,Carbachol dose titration (M1) / Vehicle Control,0.04785985429979439,rise-decay fit,0.7729292472066354,,,
Carbachol dose titration (M1),M1,Carbachol agonism,,-9.0,1e-09,2,35.28364770396219,33.307377049180324,Carbachol dose titration (M1) / Vehicle Control,0.05933432259957854,rise-decay fit,0.6080029586398396,,,
Carbachol dose titration (M1),M1,Carbachol agonism,,-9.0,1e-09,3,35.95932385565707,33.307377049180324,Carbachol dose titration (M1) / Vehicle Control,0.07962040368897816,rise-decay fit,0.6285498457928137,,,
Carbachol dose titration (M1),M1,Carbachol agonism,,-9.0,1e-09,4,35.856301496310294,33.307377049180324,Carbachol dose titration (M1) / Vehicle Control,0.07652732436319831,rise-decay fit,0.5802993166768364,,,
Carbachol dose titration (M1),M1,Carbachol agonism,,-10.0,1e-10,1,39.95187634869913,33.307377049180324,Carbachol dose titration (M1) / Vehicle Control,0.1994903198083658,rise-decay fit,0.2385342342254655,,,
Carbachol dose titration (M1),M1,Carbachol agonism,,-10.0,1e-10,2,34.859338151320124,33.307377049180324,Carbachol dose titration (M1) / Vehicle Control,0.04659511614643916,rise-decay fit,0.6774287980886491,,,
Carbachol dose titration (M1),M1,Carbachol agonism,,-10.0,1e-10,3,35.10768364209168,33.307377049180324,Carbachol dose titration (M1) / Vehicle Control,0.05405128690419227,rise-decay fit,0.2734965242061631,,,
Carbachol dose titration (M1),M1,Carbachol agonism,,-10.0,1e-10,4,34.783533189771475,33.307377049180324,Carbachol dose titration (M1) / Vehicle Control,0.04431919506635177,rise-decay fit,0.5579007242972223,,,
Carbachol dose titration (M1),M1,Carbachol agonism,,-11.0,1e-11,1,34.857074272816355,33.307377049180324,Carbachol dose titration (M1) / Vehicle Control,0.046527146864426175,rise-decay fit,0.7176642707865251,,,
Carbachol dose titration (M1),M1,Carbachol agonism,,-11.0,1e-11,2,36.58948409705937,33.307377049180324,Carbachol dose titration (M1) / Vehicle Control,0.09853994335947915,rise-decay fit,0.5894787294227002,,,
Carbachol dose titration (M1),M1,Carbachol agonism,,-11.0,1e-11,3,36.11390867291271,33.307377049180324,Carbachol dose titration (M1) / Vehicle Control,0.084261562223539,rise-decay fit,0.8036428349296185,,,
Carbachol dose titration (M1),M1,Carbachol agonism,,-11.0,1e-11,4,35.75788220403509,33.307377049180324,Carbachol dose titration (M1) / Vehicle Control,0.07357244466402894,rise-decay fit,0.7465369165961064,,,
PAC-3310 dose titration (M1),M1,PAC-3310 agonism,,-5.0,1e-05,1,40.63522856332017,32.705128205128204,PAC-3310 dose titration (M1) / Vehicle Control,0.24247268833358418,rise-decay fit,0.23895146322198313,24.221669795068564,,
PAC-3310 dose titration (M1),M1,PAC-3310 agonism,,-5.0,1e-05,2,35.021187041618106,32.705128205128204,PAC-3310 dose titration (M1) / Vehicle Control,0.07081638151556735,rise-decay fit,0.8899841812182172,7.074161716687205,,
PAC-3310 dose titration (M1),M1,PAC-3310 agonism,,-5.0,1e-05,3,34.9368386209063,32.705128205128204,PAC-3310 dose titration (M1) / Vehicle Control,0.06823732357141964,rise-decay fit,0.8436316205606799,6.816528206147033,,
PAC-3310 dose titration (M1),M1,PAC-3310 agonism,,-5.0,1e-05,4,35.668717060945475,32.705128205128204,PAC-3310 dose titration (M1) / Vehicle Control,0.0906154177788111,rise-decay fit,0.6298266439764408,9.05197506104668,,
PAC-3310 dose titration (M1),M1,PAC-3310 agonism,,-6.0,1e-06,1,35.031217359225586,32.705128205128204,PAC-3310 dose titration (M1) / Vehicle Control,0.07112307096024922,rise-decay fit,0.5164791662489753,7.104798282437231,,
PAC-3310 dose titration (M1),M1,PAC-3310 agonism,,-6.0,1e-06,2,35.8624210191826,32.705128205128204,PAC-3310 dose titration (M1) / Vehicle Control,0.09653815738778625,rise-decay fit,0.7989558836092683,9.643623729095447,,
PAC-3310 dose titration (M1),M1,PAC-3310 agonism,,-6.0,1e-06,3,35.957747659129296,32.705128205128204,PAC-3310 dose titration (M1) / Vehicle Control,0.09945288804864177,rise-decay fit,0.832413207183797,9.93478907268118,,
PAC-3310 dose titration (M1),M1,PAC-3310 agonism,,-6.0,1e-06,4,36.402252821809476,32.705128205128204,PAC-3310 dose titration (M1) / Vehicle Control,0.11304418663313964,rise-decay fit,0.7060714891897144,11.292484030667477,,
PAC-3310 dose titration (M1),M1,PAC-3310 agonism,,-7.0,1e-07,1,35.74399859465789,32.705128205128204,PAC-3310 dose titration (M1) / Vehicle Control,0.09291724436821458,rise-decay fit,0.6674699025497937,9.28191470479466,,
PAC-3310 dose titration (M1),M1,PAC-3310 agonism,,-7.0,1e-07,2,35.305586687732784,32.705128205128204,PAC-3310 dose titration (M1) / Vehicle Control,0.07951225466215493,rise-decay fit,0.6728713763821936,7.942830965104469,,
PAC-3310 dose titration (M1),M1,PAC-3310 agonism,,-7.0,1e-07,3,36.00069222374091,32.705128205128204,PAC-3310 dose titration (M1) / Vehicle Control,0.10076597156087466,rise-decay fit,0.7743081790834004,10.065958795198126,,
PAC-3310 dose titration (M1),M1,PAC-3310 agonism,,-7.0,1e-07,4,37.05295788068397,32.705128205128204,PAC-3310 dose titration (M1) / Vehicle Control,0.13294030368222254,rise-decay fit,0.8367857827528025,13.27999520431322,,
PAC-3310 dose titration (M1),M1,PAC-3310 agonism,,-8.0,1e-08,1,35.870808082411386,32.705128205128204,PAC-3310 dose titration (M1) / Vehicle Control,0.09679460228462886,rise-decay fit,0.8358878134415653,9.669241144626413,,
PAC-3310 dose titration (M1),M1,PAC-3310 agonism,,-8.0,1e-08,2,36.17066438612519,32.705128205128204,PAC-3310 dose titration (M1) / Vehicle Control,0.1059630819748196,rise-decay fit,0.9040754849971947,10.585121151998914,,
PAC-3310 dose titration (M1),M1,PAC-3310 agonism,,-8.0,1e-08,3,35.357431231080014,32.705128205128204,PAC-3310 dose titration (M1) / Vehicle Control,0.08109746610123134,rise-decay fit,0.7248843764617423,8.1011847504176,,
PAC-3310 dose titration (M1),M1,PAC-3310 agonism,,-8.0,1e-08,4,36.326416988083324,32.705128205128204,PAC-3310 dose titration (M1) / Vehicle Control,0.11072541163092878,rise-decay fit,0.8239923274956601,11.060851334966335,,
PAC-3310 dose titration (M1),M1,PAC-3310 agonism,,-9.0,1e-09,1,34.99702492165501,32.705128205128204,PAC-3310 dose titration (M1) / Vehicle Control,0.07007759462528065,rise-decay fit,0.6238659005096683,7.000361025036395,,
PAC-3310 dose titration (M1),M1,PAC-3310 agonism,,-9.0,1e-09,2,34.853228312095794,32.705128205128204,PAC-3310 dose titration (M1) / Vehicle Control,0.06568083431731557,rise-decay fit,0.755510823029924,6.561149181923243,,
PAC-3310 dose titration (M1),M1,PAC-3310 agonism,,-9.0,1e-09,3,34.925394532699706,32.705128205128204,PAC-3310 dose titration (M1) / Vehicle Control,0.06788740633107687,rise-decay fit,0.7406292613249977,6.781573424602631,,
PAC-3310 dose titration (M1),M1,PAC-3310 agonism,,-9.0,1e-09,4,35.03998037043318,32.705128205128204,PAC-3310 dose titration (M1) / Vehicle Control,0.07139101093445233,rise-decay fit,0.5795403691369475,7.131563992112202,,
PAC-3310 dose titration (M1),M1,PAC-3310 agonism,,-10.0,1e-10,1,34.30357882366008,32.705128205128204,PAC-3310 dose titration (M1) / Vehicle Control,0.04887461710916757,rise-decay fit,0.5586507396489919,4.882301776396387,,
PAC-3310 dose titration (M1),M1,PAC-3310 agonism,,-10.0,1e-10,2,34.05937076526979,32.705128205128204,PAC-3310 dose titration (M1) / Vehicle Control,0.04140765178010337,rise-decay fit,0.6328235649572127,4.136393567868606,,
PAC-3310 dose titration (M1),M1,PAC-3310 agonism,,-10.0,1e-10,3,34.153872897374384,32.705128205128204,PAC-3310 dose titration (M1) / Vehicle Control,0.0442971720874959,rise-decay fit,0.03504643485174452,4.425040537689466,,
PAC-3310 dose titration (M1),M1,PAC-3310 agonism,,-10.0,1e-10,4,34.96755489749829,32.705128205128204,PAC-3310 dose titration (M1) / Vehicle Control,0.06917651195800337,rise-decay fit,0.7144054319047991,6.910347890052618,,
PAC-3310 dose titration (M1),M1,PAC-3310 agonism,,-11.0,1e-11,1,34.85838288619495,32.705128205128204,PAC-3310 dose titration (M1) / Vehicle Control,0.06583844183583158,rise-decay fit,0.778023565964429,6.5768932943713345,,
PAC-3310 dose titration (M1),M1,PAC-3310 agonism,,-11.0,1e-11,2,34.0775611360958,32.705128205128204,PAC-3310 dose titration (M1) / Vehicle Control,0.041963845008025344,rise-decay fit,0.9015165411791876,4.191954170596965,,
PAC-3310 dose titration (M1),M1,PAC-3310 agonism,,-11.0,1e-11,3,35.01677492699922,32.705128205128204,PAC-3310 dose titration (M1) / Vehicle Control,0.07068147561973309,rise-decay fit,0.8418484996201445,7.060685369784951,,
PAC-3310 dose titration (M1),M1,PAC-3310 agonism,,-11.0,1e-11,4,35.02265630743545,32.705128205128204,PAC-3310 dose titration (M1) / Vehicle Control,0.07086130614659543,rise-decay fit,0.7229395254194164,7.078649436875016,,
PAC-3310 + 500 nM carbachol (M1),M1,PAC-3310 antagonism,500.0,-5.0,1e-05,1,68.85308925151288,32.705128205128204,PAC-3310 dose titration (M1) / Vehicle Control,1.105268899105451,rise-decay fit,0.5540632951117492,,-17.612883680041215,5.640988647383205
PAC-3310 + 500 nM carbachol (M1),M1,PAC-3310 antagonism,500.0,-5.0,1e-05,2,70.80348573172688,32.705128205128204,PAC-3310 dose titration (M1) / Vehicle Control,1.164904698970873,rise-decay fit,0.7633390992063103,,-23.958794976753552,0.5497614165454578
PAC-3310 + 500 nM carbachol (M1),M1,PAC-3310 antagonism,500.0,-5.0,1e-05,3,74.11149235072095,32.705128205128204,PAC-3310 dose titration (M1) / Vehicle Control,1.266051118524592,rise-decay fit,0.6086972711182288,,-34.721897138817745,-8.085310246712618
PAC-3310 + 500 nM carbachol (M1),M1,PAC-3310 antagonism,500.0,-5.0,1e-05,4,70.2883072371626,32.705128205128204,PAC-3310 dose titration (M1) / Vehicle Control,1.149152475303286,rise-decay fit,0.5699750944954474,,-22.282583467122418,1.8945601827839442
PAC-3310 + 500 nM carbachol (M1),M1,PAC-3310 antagonism,500.0,-6.0,1e-06,1,68.06651288044858,32.705128205128204,PAC-3310 dose titration (M1) / Vehicle Control,1.0812183475793766,rise-decay fit,0.8956996102876114,,-15.053637942314957,7.694232221252218
PAC-3310 + 500 nM carbachol (M1),M1,PAC-3310 antagonism,500.0,-6.0,1e-06,2,67.4529040148486,32.705128205128204,PAC-3310 dose titration (M1) / Vehicle Control,1.0624564928099534,rise-decay fit,0.8985431031530037,,-13.057168264751473,9.295969200024523
PAC-3310 + 500 nM carbachol (M1),M1,PAC-3310 antagonism,500.0,-6.0,1e-06,3,68.8570899887276,32.705128205128204,PAC-3310 dose titration (M1) / Vehicle Control,1.105391226625148,rise-decay fit,0.5747701850305105,,-17.625900686451736,5.6305453029362855
PAC-3310 + 500 nM carbachol (M1),M1,PAC-3310 antagonism,500.0,-6.0,1e-06,4,69.80678839505798,32.705128205128204,PAC-3310 dose titration (M1) / Vehicle Control,1.1344294374027921,rise-decay fit,0.7923379495839444,,-20.715888751104327,3.151495306464802
PAC-3310 + 500 nM carbachol (M1),M1,PAC-3310 antagonism,500.0,-7.0,1e-07,1,67.84923565050705,32.705128205128204,PAC-3310 dose titration (M1) / Vehicle Control,1.0745748258485106,rise-decay fit,0.8754898141393866,,-14.346693461030302,8.26140292779386
PAC-3310 + 500 nM carbachol (M1),M1,PAC-3310 antagonism,500.0,-7.0,1e-07,2,67.53756438958294,32.705128205128204,PAC-3310 dose titration (M1) / Vehicle Control,1.065045089136601,rise-decay fit,0.8384569433144962,,-13.332623657468123,9.074975566374665
PAC-3310 + 500 nM carbachol (M1),M1,PAC-3310 antagonism,500.0,-7.0,1e-07,3,63.801991231207275,32.705128205128204,PAC-3310 dose titration (M1) / Vehicle Control,0.9508252904877176,rise-decay fit,0.4761307247618668,,-1.1783687939489917,18.826147689399654
PAC-3310 + 500 nM carbachol (M1),M1,PAC-3310 antagonism,500.0,-7.0,1e-07,4,68.6648291674309,32.705128205128204,PAC-3310 dose titration (M1) / Vehicle Control,1.099512612724269,rise-decay fit,0.5322096011518959,,-17.00035089175149,6.132414301747014
PAC-3310 + 500 nM carbachol (M1),M1,PAC-3310 antagonism,500.0,-8.0,1e-08,1,67.80580355791629,32.705128205128204,PAC-3310 dose titration (M1) / Vehicle Control,1.073246835561533,rise-decay fit,0.8517496952311788,,-14.205380548600633,8.374776108443838
PAC-3310 + 500 nM carbachol (M1),M1,PAC-3310 antagonism,500.0,-8.0,1e-08,2,69.67685326985567,32.705128205128204,PAC-3310 dose titration (M1) / Vehicle Control,1.130456509231181,rise-decay fit,0.8521908658611307,,-20.29312507857628,3.490672111992943
PAC-3310 + 500 nM carbachol (M1),M1,PAC-3310 antagonism,500.0,-8.0,1e-08,3,69.7596284463262,32.705128205128204,PAC-3310 dose titration (M1) / Vehicle Control,1.1329874632745762,rise-decay fit,0.5700476406892767,,-20.562446692299694,3.2745995150828433
PAC-3310 + 500 nM carbachol (M1),M1,PAC-3310 antagonism,500.0,-8.0,1e-08,4,68.70171675062153,32.705128205128204,PAC-3310 dose titration (M1) / Vehicle Control,1.1006404964909757,rise-decay fit,0.1415601690595668,,-17.12037024845796,6.0361246140219205
PAC-3310 + 500 nM carbachol (M1),M1,PAC-3310 antagonism,500.0,-9.0,1e-09,1,63.53855450637227,32.705128205128204,PAC-3310 dose titration (M1) / Vehicle Control,0.9427703847499166,rise-decay fit,0.729929071685824,,-0.32123738243416966,19.513811064866537
PAC-3310 + 500 nM carbachol (M1),M1,PAC-3310 antagonism,500.0,-9.0,1e-09,2,69.6621377972012,32.705128205128204,PAC-3310 dose titration (M1) / Vehicle Control,1.1300065653397466,rise-decay fit,0.8023313532069563,,-20.2452460523876,3.5290847198155784
PAC-3310 + 500 nM carbachol (M1),M1,PAC-3310 antagonism,500.0,-9.0,1e-09,3,69.77462813703764,32.705128205128204,PAC-3310 dose titration (M1) / Vehicle Control,1.1334460974868428,rise-decay fit,0.878611299640708,,-20.611250465121532,3.23544499723023
PAC-3310 + 500 nM carbachol (M1),M1,PAC-3310 antagonism,500.0,-9.0,1e-09,4,65.94085940489352,32.705128205128204,PAC-3310 dose titration (M1) / Vehicle Control,1.0162238469547997,rise-decay fit,0.16679092884016988,,-8.13750138225473,13.242942428565296
PAC-3310 + 500 nM carbachol (M1),M1,PAC-3310 antagonism,500.0,-10.0,1e-10,1,64.03690230694257,32.705128205128204,PAC-3310 dose titration (M1) / Vehicle Control,0.9580079890009879,rise-decay fit,0.7096704797265108,,-1.942687671856258,18.212946385079377
PAC-3310 + 500 nM carbachol (M1),M1,PAC-3310 antagonism,500.0,-10.0,1e-10,2,62.61236652419914,32.705128205128204,PAC-3310 dose titration (M1) / Vehicle Control,0.9144510344521886,rise-decay fit,0.7376615458571951,,2.6922559449875427,21.931490507764817
PAC-3310 + 500 nM carbachol (M1),M1,PAC-3310 antagonism,500.0,-10.0,1e-10,3,65.6007228747306,32.705128205128204,PAC-3310 dose titration (M1) / Vehicle Control,1.0058237492077564,rise-decay fit,0.8466056058384703,,-7.030815500136756,14.130819525420035
PAC-3310 + 500 nM carbachol (M1),M1,PAC-3310 antagonism,500.0,-10.0,1e-10,4,64.79723297585778,32.705128205128204,PAC-3310 dose titration (M1) / Vehicle Control,0.9812560455181917,rise-decay fit,0.6887681469474375,,-4.416539029799904,16.228213411403424
PAC-3310 + 500 nM carbachol (M1),M1,PAC-3310 antagonism,500.0,-11.0,1e-11,1,64.78112581439926,32.705128205128204,PAC-3310 dose titration (M1) / Vehicle Control,0.9807635490094639,rise-decay fit,0.9111993449244837,,-4.364131932630433,16.270258821073213
PAC-3310 + 500 nM carbachol (M1),M1,PAC-3310 antagonism,500.0,-11.0,1e-11,2,60.35432683576888,32.705128205128204,PAC-3310 dose titration (M1) / Vehicle Control,0.8454086605997542,rise-decay fit,0.8873628134376002,,10.039131163744198,27.825775729601954
PAC-3310 + 500 nM carbachol (M1),M1,PAC-3310 antagonism,500.0,-11.0,1e-11,3,68.41764219243795,32.705128205128204,PAC-3310 dose titration (M1) / Vehicle Control,1.0919545633124894,rise-decay fit,0.669679629363835,,-16.19609051037727,6.777660061242241
PAC-3310 + 500 nM carbachol (M1),M1,PAC-3310 antagonism,500.0,-11.0,1e-11,4,64.29101371595107,32.705128205128204,PAC-3310 dose titration (M1) / Vehicle Control,0.9657777616010127,rise-decay fit,0.4968841130334696,,-2.7694777514167157,17.549625394534583
Carbachol dose titration (M3),M3,Carbachol agonism,,-5.0,1e-05,1,86.0011981463938,40.700819672131146,Carbachol dose titration (M3) / Vehicle Control,1.1130089968502759,rise-decay fit,0.8864497548950997,,,
Carbachol dose titration (M3),M3,Carbachol agonism,,-5.0,1e-05,2,98.85203442349528,40.700819672131146,Carbachol dose titration (M3) / Vehicle Control,1.428748001141159,rise-decay fit,0.8928209008247439,,,
Carbachol dose titration (M3),M3,Carbachol agonism,,-5.0,1e-05,3,97.61301366071588,40.700819672131146,Carbachol dose titration (M3) / Vehicle Control,1.3983058436426015,rise-decay fit,0.8954575472347159,,,
Carbachol dose titration (M3),M3,Carbachol agonism,,-5.0,1e-05,4,92.7615904030808,40.700819672131146,Carbachol dose titration (M3) / Vehicle Control,1.2791086555585254,rise-decay fit,0.8809034532074599,,,
Carbachol dose titration (M3),M3,Carbachol agonism,,-6.0,1e-06,1,82.45390941045838,40.700819672131146,Carbachol dose titration (M3) / Vehicle Control,1.0258537807020285,rise-decay fit,0.8597057979112701,,,
Carbachol dose titration (M3),M3,Carbachol agonism,,-6.0,1e-06,2,92.93944700867168,40.700819672131146,Carbachol dose titration (M3) / Vehicle Control,1.2834785087217693,rise-decay fit,0.8996655969939995,,,
Carbachol dose titration (M3),M3,Carbachol agonism,,-6.0,1e-06,3,91.65119265287159,40.700819672131146,Carbachol dose titration (M3) / Vehicle Control,1.251826704994529,rise-decay fit,0.8994036425101324,,,
Carbachol dose titration (M3),M3,Carbachol agonism,,-6.0,1e-06,4,85.80679259079372,40.700819672131146,Carbachol dose titration (M3) / Vehicle Control,1.1082325437673617,rise-decay fit,0.909799660503914,,,
Carbachol dose titration (M3),M3,Carbachol agonism,,-7.0,1e-07,1,68.61608874530853,40.700819672131146,Carbachol dose titration (M3) / Vehicle Control,0.6858650341209629,rise-decay fit,0.8385031103248063,,,
Carbachol dose titration (M3),M3,Carbachol agonism,,-7.0,1e-07,2,81.43765782113314,40.700819672131146,Carbachol dose titration (M3) / Vehicle Control,1.0008849570392193,rise-decay fit,0.877516252741115,,,
Carbachol dose titration (M3),M3,Carbachol agonism,,-7.0,1e-07,3,75.9021061572428,40.700819672131146,Carbachol dose titration (M3) / Vehicle Control,0.8648790557212006,rise-decay fit,0.9102035064309559,,,
Carbachol dose titration (M3),M3,Carbachol agonism,,-7.0,1e-07,4,76.36411810331201,40.700819672131146,Carbachol dose titration (M3) / Vehicle Control,0.8762304719774575,rise-decay fit,0.8970305220656657,,,
Carbachol dose titration (M3),M3,Carbachol agonism,,-8.0,1e-08,1,47.25992841729017,40.700819672131146,Carbachol dose titration (M3) / Vehicle Control,0.16115421748250947,rise-decay fit,0.8707737555014343,,,
Carbachol dose titration (M3),M3,Carbachol agonism,,-8.0,1e-08,2,54.98652183941188,40.700819672131146,Carbachol dose titration (M3) / Vehicle Control,0.3509929844745241,rise-decay fit,0.9418100508369063,,,
Carbachol dose titration (M3),M3,Carbachol agonism,,-8.0,1e-08,3,56.00307932292042,40.700819672131146,Carbachol dose titration (M3) / Vehicle Control,0.37596932381357195,rise-decay fit,0.9747247933897041,,,
Carbachol dose titration (M3),M3,Carbachol agonism,,-8.0,1e-08,4,50.58450535237745,40.700819672131146,Carbachol dose titration (M3) / Vehicle Control,0.2428375094129592,rise-decay fit,0.9246946284474178,,,
Carbachol dose titration (M3),M3,Carbachol agonism,,-9.0,1e-09,1,45.198508720361495,40.700819672131146,Carbachol dose titration (M3) / Vehicle Control,0.1105061049006349,rise-decay fit,0.7523590768633108,,,
Carbachol dose titration (M3),M3,Carbachol agonism,,-9.0,1e-09,2,46.713424911809184,40.700819672131146,Carbachol dose titration (M3) / Vehicle Control,0.1477268833432123,rise-decay fit,0.6682626127528648,,,
Carbachol dose titration (M3),M3,Carbachol agonism,,-9.0,1e-09,3,50.515075176143334,40.700819672131146,Carbachol dose titration (M3) / Vehicle Control,0.24113164263205858,rise-decay fit,0.7313790214018193,,,
Carbachol dose titration (M3),M3,Carbachol agonism,,-9.0,1e-09,4,45.46962551757707,40.700819672131146,Carbachol dose titration (M3) / Vehicle Control,0.1171673171169878,rise-decay fit,0.5722063495523544,,,
Carbachol dose titration (M3),M3,Carbachol agonism,,-10.0,1e-10,1,43.6989344940725,40.700819672131146,Carbachol dose titration (M3) / Vehicle Control,0.07366227132752906,rise-decay fit,0.732518165159771,,,
Carbachol dose titration (M3),M3,Carbachol agonism,,-10.0,1e-10,2,47.14973234455411,40.700819672131146,Carbachol dose titration (M3) / Vehicle Control,0.15844675179450238,rise-decay fit,0.8318990925941911,,,
Carbachol dose titration (M3),M3,Carbachol agonism,,-10.0,1e-10,3,48.09112829211719,40.700819672131146,Carbachol dose titration (M3) / Vehicle Control,0.1815764075396833,rise-decay fit,0.7844367881775861,,,
Carbachol dose titration (M3),M3,Carbachol agonism,,-10.0,1e-10,4,47.538292364836224,40.700819672131146,Carbachol dose titration (M3) / Vehicle Control,0.16799348877454828,rise-decay fit,0.7247948850828898,,,
Carbachol dose titration (M3),M3,Carbachol agonism,,-11.0,1e-11,1,43.02841973826956,40.700819672131146,Carbachol dose titration (M3) / Vehicle Control,0.05718803908345318,rise-decay fit,0.7434150669503627,,,
Carbachol dose titration (M3),M3,Carbachol agonism,,-11.0,1e-11,2,45.18956882259154,40.700819672131146,Carbachol dose titration (M3) / Vehicle Control,0.11028645581636652,rise-decay fit,0.5719780935823687,,,
Carbachol dose titration (M3),M3,Carbachol agonism,,-11.0,1e-11,3,48.34574335167109,40.700819672131146,Carbachol dose titration (M3) / Vehicle Control,0.18783217982154327,rise-decay fit,0.7963384934573403,,,
Carbachol dose titration (M3),M3,Carbachol agonism,,-11.0,1e-11,4,46.491664826176084,40.700819672131146,Carbachol dose titration (M3) / Vehicle Control,0.14227834232070938,rise-decay fit,0.6536101445178732,,,
PAC-3310 dose titration (M3),M3,PAC-3310 agonism,,-5.0,1e-05,1,51.189800600041835,44.3034188034188,PAC-3310 dose titration (M3) / Vehicle Control,0.1554368033577496,rise-decay fit,0.8943284204002905,11.912756914875123,,
PAC-3310 dose titration (M3),M3,PAC-3310 agonism,,-5.0,1e-05,2,48.50829197429416,44.3034188034188,PAC-3310 dose titration (M3) / Vehicle Control,0.09491080563179648,rise-decay fit,0.8340627653005105,7.274013178746843,,
PAC-3310 dose titration (M3),M3,PAC-3310 agonism,,-5.0,1e-05,3,48.33547465221282,44.3034188034188,PAC-3310 dose titration (M3) / Vehicle Control,0.09101003845064144,rise-decay fit,0.8597702347512836,6.975056366674023,,
PAC-3310 dose titration (M3),M3,PAC-3310 agonism,,-5.0,1e-05,4,51.172181259361224,44.3034188034188,PAC-3310 dose titration (M3) / Vehicle Control,0.15503910626898113,rise-decay fit,0.9096854365185447,11.882277204523977,,
PAC-3310 dose titration (M3),M3,PAC-3310 agonism,,-6.0,1e-06,1,50.01892568574213,44.3034188034188,PAC-3310 dose titration (M3) / Vehicle Control,0.1290082579785531,rise-decay fit,0.7164277153460232,9.887259542856391,,
PAC-3310 dose titration (M3),M3,PAC-3310 agonism,,-6.0,1e-06,2,49.84391210976245,44.3034188034188,PAC-3310 dose titration (M3) / Vehicle Control,0.125057917785706,rise-decay fit,0.4994236551726976,9.584503429555877,,
PAC-3310 dose titration (M3),M3,PAC-3310 agonism,,-6.0,1e-06,3,49.74417231082028,44.3034188034188,PAC-3310 dose titration (M3) / Vehicle Control,0.12280662879636797,rise-decay fit,0.44554829546630026,9.411963478297405,,
PAC-3310 dose titration (M3),M3,PAC-3310 agonism,,-6.0,1e-06,4,50.29007303292683,44.3034188034188,PAC-3310 dose titration (M3) / Vehicle Control,0.13512849326756807,rise-decay fit,0.08588659975798418,10.356317537391126,,
PAC-3310 dose titration (M3),M3,PAC-3310 agonism,,-7.0,1e-07,1,47.986398395129825,44.3034188034188,PAC-3310 dose titration (M3) / Vehicle Control,0.08313082130417476,rise-decay fit,0.5430895469308099,6.3711890938162545,,
PAC-3310 dose titration (M3),M3,PAC-3310 agonism,,-7.0,1e-07,2,51.942402581893504,44.3034188034188,PAC-3310 dose titration (M3) / Vehicle Control,0.1724242504256854,rise-decay fit,0.3646782479240531,13.214683634629283,,
PAC-3310 dose titration (M3),M3,PAC-3310 agonism,,-7.0,1e-07,3,49.14435193328126,44.3034188034188,PAC-3310 dose titration (M3) / Vehicle Control,0.1092677102718062,rise-decay fit,0.3039952435413913,8.37433376777002,,
PAC-3310 dose titration (M3),M3,PAC-3310 agonism,,-7.0,1e-07,4,49.84088436697035,44.3034188034188,PAC-3310 dose titration (M3) / Vehicle Control,0.1249895767214298,rise-decay fit,0.2454764530467758,9.57926573508173,,
PAC-3310 dose titration (M3),M3,PAC-3310 agonism,,-8.0,1e-08,1,48.05015467403104,44.3034188034188,PAC-3310 dose titration (M3) / Vehicle Control,0.08456990389922489,rise-decay fit,0.4232140091259111,6.481481127394704,,
PAC-3310 dose titration (M3),M3,PAC-3310 agonism,,-8.0,1e-08,2,48.901966116164196,44.3034188034188,PAC-3310 dose titration (M3) / Vehicle Control,0.10379666935298762,rise-decay fit,0.4267393074189104,7.955030365169701,,
PAC-3310 dose titration (M3),M3,PAC-3310 agonism,,-8.0,1e-08,3,49.30273574922056,44.3034188034188,PAC-3310 dose titration (M3) / Vehicle Control,0.11284268981553118,rise-decay fit,0.5935014350374601,8.648322046993878,,
PAC-3310 dose titration (M3),M3,PAC-3310 agonism,,-8.0,1e-08,4,49.293209354495346,44.3034188034188,PAC-3310 dose titration (M3) / Vehicle Control,0.11262766363961722,rise-decay fit,0.18107760513715287,8.631842329779785,,
PAC-3310 dose titration (M3),M3,PAC-3310 agonism,,-9.0,1e-09,1,46.02242600802213,44.3034188034188,PAC-3310 dose titration (M3) / Vehicle Control,0.03880077996307313,rise-decay fit,0.42758779274708825,2.9737118225714108,,
PAC-3310 dose titration (M3),M3,PAC-3310 agonism,,-9.0,1e-09,2,47.09278319091067,44.3034188034188,PAC-3310 dose titration (M3) / Vehicle Control,0.06296047715569578,rise-decay fit,0.24904630868175515,4.825323497383657,,
PAC-3310 dose titration (M3),M3,PAC-3310 agonism,,-9.0,1e-09,3,47.56169226927872,44.3034188034188,PAC-3310 dose titration (M3) / Vehicle Control,0.07354451538643984,rise-decay fit,0.2247946050374876,5.636489655570819,,
PAC-3310 dose titration (M3),M3,PAC-3310 agonism,,-9.0,1e-09,4,49.39882717371925,44.3034188034188,PAC-3310 dose titration (M3) / Vehicle Control,0.11501162907787255,rise-decay fit,0.3482096262737696,8.814550672629807,,
PAC-3310 dose titration (M3),M3,PAC-3310 agonism,,-10.0,1e-10,1,46.62146137748873,44.3034188034188,PAC-3310 dose titration (M3) / Vehicle Control,0.05232197958255649,rise-decay fit,0.0688494648189949,4.009983547059217,,
PAC-3310 dose titration (M3),M3,PAC-3310 agonism,,-10.0,1e-10,2,48.73117967774364,44.3034188034188,PAC-3310 dose titration (M3) / Vehicle Control,0.09994174250911667,rise-decay fit,0.23258914490408722,7.659586780229483,,
PAC-3310 dose titration (M3),M3,PAC-3310 agonism,,-10.0,1e-10,3,48.63152407787885,44.3034188034188,PAC-3310 dose titration (M3) / Vehicle Control,0.09769235402948315,rise-decay fit,0.4557695172062176,7.487192485016652,,
PAC-3310 dose titration (M3),M3,PAC-3310 agonism,,-10.0,1e-10,4,49.17866894247167,44.3034188034188,PAC-3310 dose titration (M3) / Vehicle Control,0.11004230081396459,rise-decay fit,0.06367073604500773,8.43369878710882,,
PAC-3310 dose titration (M3),M3,PAC-3310 agonism,,-11.0,1e-11,1,48.935215476710106,44.3034188034188,PAC-3310 dose titration (M3) / Vehicle Control,0.10454716133405666,rise-decay fit,0.3265130421278257,8.012548458336232,,
PAC-3310 dose titration (M3),M3,PAC-3310 agonism,,-11.0,1e-11,2,48.04691656659134,44.3034188034188,PAC-3310 dose titration (M3) / Vehicle Control,0.08449681456374793,rise-decay fit,0.4036690948379478,6.475879522962562,,
PAC-3310 dose titration (M3),M3,PAC-3310 agonism,,-11.0,1e-11,3,47.89611486054966,44.3034188034188,PAC-3310 dose titration (M3) / Vehicle Control,0.08109297553473724,rise-decay fit,0.6906835894726648,6.215007541205178,,
PAC-3310 dose titration (M3),M3,PAC-3310 agonism,,-11.0,1e-11,4,49.70087901293997,44.3034188034188,PAC-3310 dose titration (M3) / Vehicle Control,0.12182942886350479,rise-decay fit,0.4484896323755041,9.337070370578004,,
PAC-3310 + 100 nM carbachol (M3),M3,PAC-3310 antagonism,100.0,-5.0,1e-05,1,64.7656798634926,44.3034188034188,PAC-3310 dose titration (M3) / Vehicle Control,0.4618664115035466,rise-decay fit,0.8207311362714117,,-82.07080598046458,5.307297532975608
PAC-3310 + 100 nM carbachol (M3),M3,PAC-3310 antagonism,100.0,-5.0,1e-05,2,68.7794534780443,44.3034188034188,PAC-3310 dose titration (M3) / Vehicle Control,0.552463790282856,rise-decay fit,0.9510244973021996,,-117.78489421729587,-13.267143949170524
PAC-3310 + 100 nM carbachol (M3),M3,PAC-3310 antagonism,100.0,-5.0,1e-05,3,66.23452168754866,44.3034188034188,PAC-3310 dose titration (M3) / Vehicle Control,0.4950205531866874,rise-decay fit,0.9843937498337607,,-95.14038875914996,-1.490025666455863
PAC-3310 + 100 nM carbachol (M3),M3,PAC-3310 antagonism,100.0,-5.0,1e-05,4,61.103767231866414,44.3034188034188,PAC-3310 dose titration (M3) / Vehicle Control,0.3792111056483787,rise-decay fit,0.980187846136251,,-49.48753562178712,22.253440594526673
PAC-3310 + 100 nM carbachol (M3),M3,PAC-3310 antagonism,100.0,-6.0,1e-06,1,60.03968905974551,44.3034188034188,PAC-3310 dose titration (M3) / Vehicle Control,0.35519313591014284,rise-decay fit,0.9242686674288556,,-40.01949248347066,27.17764899253723
PAC-3310 + 100 nM carbachol (M3),M3,PAC-3310 antagonism,100.0,-6.0,1e-06,2,72.6938326354056,44.3034188034188,PAC-3310 dose titration (M3) / Vehicle Control,0.6408176749961331,rise-decay fit,0.953050602555107,,-152.6145821976003,-31.38162014527268
PAC-3310 + 100 nM carbachol (M3),M3,PAC-3310 antagonism,100.0,-6.0,1e-06,3,65.59503211456529,44.3034188034188,PAC-3310 dose titration (M3) / Vehicle Control,0.48058623659769245,rise-decay fit,0.9480678733052301,,-89.45028532300667,1.4693245093384988
PAC-3310 + 100 nM carbachol (M3),M3,PAC-3310 antagonism,100.0,-6.0,1e-06,4,65.32160711815429,44.3034188034188,PAC-3310 dose titration (M3) / Vehicle Control,0.47441459107245154,rise-decay fit,0.9717052301075008,,-87.01738168026642,2.734646643396932
PAC-3310 + 100 nM carbachol (M3),M3,PAC-3310 antagonism,100.0,-7.0,1e-07,1,58.296778364619534,44.3034188034188,PAC-3310 dose titration (M3) / Vehicle Control,0.3158528154066723,rise-decay fit,0.9259200875690801,,-24.511276940627113,35.24327396895729
PAC-3310 + 100 nM carbachol (M3),M3,PAC-3310 antagonism,100.0,-7.0,1e-07,2,66.79909377681899,44.3034188034188,PAC-3310 dose titration (M3) / Vehicle Control,0.5077638606902329,rise-decay fit,0.9629223225202408,,-100.16388518634062,-4.10268204462978
PAC-3310 + 100 nM carbachol (M3),M3,PAC-3310 antagonism,100.0,-7.0,1e-07,3,65.64676002611257,44.3034188034188,PAC-3310 dose titration (M3) / Vehicle Control,0.48175381943767176,rise-decay fit,0.931979112719476,,-89.9105542307022,1.2299445247411223
PAC-3310 + 100 nM carbachol (M3),M3,PAC-3310 antagonism,100.0,-7.0,1e-07,4,63.178743578009765,44.3034188034188,PAC-3310 dose titration (M3) / Vehicle Control,0.42604668633686565,rise-decay fit,0.9599346002716873,,-67.95043249440465,12.651123568337919
PAC-3310 + 100 nM carbachol (M3),M3,PAC-3310 antagonism,100.0,-8.0,1e-08,1,62.10255145970282,44.3034188034188,PAC-3310 dose titration (M3) / Vehicle Control,0.40175528519055287,rise-decay fit,0.9607615811024844,,-58.3746008795742,17.63139137730646
PAC-3310 + 100 nM carbachol (M3),M3,PAC-3310 antagonism,100.0,-8.0,1e-08,2,64.59055509492651,44.3034188034188,PAC-3310 dose titration (M3) / Vehicle Control,0.45791356151372675,rise-decay fit,0.9315857631235587,,-80.5125662694982,6.117718119231896
PAC-3310 + 100 nM carbachol (M3),M3,PAC-3310 antagonism,100.0,-8.0,1e-08,3,65.09500959030487,44.3034188034188,PAC-3310 dose titration (M3) / Vehicle Control,0.4692999174429768,rise-decay fit,0.920413309516898,,-85.00114337661064,3.783266452391365
PAC-3310 + 100 nM carbachol (M3),M3,PAC-3310 antagonism,100.0,-8.0,1e-08,4,64.45832203206272,44.3034188034188,PAC-3310 dose titration (M3) / Vehicle Control,0.45492884687013396,rise-decay fit,0.969067839768009,,-79.33597193995696,6.729649813451955
PAC-3310 + 100 nM carbachol (M3),M3,PAC-3310 antagonism,100.0,-9.0,1e-09,1,56.26095323717134,44.3034188034188,PAC-3310 dose titration (M3) / Vehicle Control,0.26990094120749447,rise-decay fit,0.949344010198954,,-6.396743033471619,44.66441186287723
PAC-3310 + 100 nM carbachol (M3),M3,PAC-3310 antagonism,100.0,-9.0,1e-09,2,64.57014304090973,44.3034188034188,PAC-3310 dose titration (M3) / Vehicle Control,0.45745282835660045,rise-decay fit,0.9301012231312903,,-80.3309421999175,6.212178479798991
PAC-3310 + 100 nM carbachol (M3),M3,PAC-3310 antagonism,100.0,-9.0,1e-09,3,63.51521621468787,44.3034188034188,PAC-3310 dose titration (M3) / Vehicle Control,0.4336414193341335,rise-decay fit,0.9231905078357088,,-70.94432666721866,11.094037419367641
PAC-3310 + 100 nM carbachol (M3),M3,PAC-3310 antagonism,100.0,-9.0,1e-09,4,64.57977784188756,44.3034188034188,PAC-3310 dose titration (M3) / Vehicle Control,0.4576703014374159,rise-decay fit,0.9512229080380754,,-80.41667153228921,6.167591748174139
PAC-3310 + 100 nM carbachol (M3),M3,PAC-3310 antagonism,100.0,-10.0,1e-10,1,55.18638875146675,44.3034188034188,PAC-3310 dose titration (M3) / Vehicle Control,0.2456462783682088,rise-decay fit,0.9299152116903844,,3.1646060968044565,49.63714751646532
PAC-3310 + 100 nM carbachol (M3),M3,PAC-3310 antagonism,100.0,-10.0,1e-10,2,61.564434136912126,44.3034188034188,PAC-3310 dose titration (M3) / Vehicle Control,0.3896091046626255,rise-decay fit,0.9215690704666586,,-53.5864958708016,20.121623683001978
PAC-3310 + 100 nM carbachol (M3),M3,PAC-3310 antagonism,100.0,-10.0,1e-10,3,62.57320742432433,44.3034188034188,PAC-3310 dose titration (M3) / Vehicle Control,0.41237875347659825,rise-decay fit,0.9485492391499291,,-62.56244261253669,15.453348340352168
PAC-3310 + 100 nM carbachol (M3),M3,PAC-3310 antagonism,100.0,-10.0,1e-10,4,61.17248026468639,44.3034188034188,PAC-3310 dose titration (M3) / Vehicle Control,0.3807620702167085,rise-decay fit,0.9499797231008195,,-50.09893615226451,21.935458981774946
PAC-3310 + 100 nM carbachol (M3),M3,PAC-3310 antagonism,100.0,-11.0,1e-11,1,59.71561773280563,44.3034188034188,PAC-3310 dose titration (M3) / Vehicle Control,0.34787832058228213,rise-decay fit,0.9280355318478655,,-37.135943714452566,28.677345905303586
PAC-3310 + 100 nM carbachol (M3),M3,PAC-3310 antagonism,100.0,-11.0,1e-11,2,64.44525857814779,44.3034188034188,PAC-3310 dose titration (M3) / Vehicle Control,0.4546339835329973,rise-decay fit,0.946834775745133,,-79.21973485471017,6.790103237984435
PAC-3310 + 100 nM carbachol (M3),M3,PAC-3310 antagonism,100.0,-11.0,1e-11,3,66.07524972044745,44.3034188034188,PAC-3310 dose titration (M3) / Vehicle Control,0.4914255266311086,rise-decay fit,0.9366220494726791,,-93.72320542173296,-0.7529666998159934
PAC-3310 + 100 nM carbachol (M3),M3,PAC-3310 antagonism,100.0,-11.0,1e-11,4,64.05217433270215,44.3034188034188,PAC-3310 dose titration (M3) / Vehicle Control,0.4457614347306168,rise-decay fit,0.9647368943776765,,-75.72211720745241,8.609169537118245
Carbachol dose titration (M5),M5,Carbachol agonism,,-5.0,1e-05,1,109.60722450152221,52.75,Carbachol dose titration (M5) / Vehicle Control,1.077862075858241,rise-decay fit,0.924678405108991,,,
Carbachol dose titration (M5),M5,Carbachol agonism,,-5.0,1e-05,2,131.61353879087025,52.75,Carbachol dose titration (M5) / Vehicle Control,1.4950433894003838,rise-decay fit,0.9759288786749913,,,
Carbachol dose titration (M5),M5,Carbachol agonism,,-5.0,1e-05,3,128.20569771099636,52.75,Carbachol dose titration (M5) / Vehicle Control,1.4304397670331064,rise-decay fit,0.9750059747376824,,,
Carbachol dose titration (M5),M5,Carbachol agonism,,-5.0,1e-05,4,124.9164679535954,52.75,Carbachol dose titration (M5) / Vehicle Control,1.3680847005420929,rise-decay fit,0.9723209575919503,,,
Carbachol dose titration (M5),M5,Carbachol agonism,,-6.0,1e-06,1,98.20253193184077,52.75,Carbachol dose titration (M5) / Vehicle Control,0.8616593731154648,rise-decay fit,0.8310829308866532,,,
Carbachol dose titration (M5),M5,Carbachol agonism,,-6.0,1e-06,2,110.45336582639777,52.75,Carbachol dose titration (M5) / Vehicle Control,1.0939026696947445,rise-decay fit,0.9695917065080011,,,
Carbachol dose titration (M5),M5,Carbachol agonism,,-6.0,1e-06,3,107.53178396316127,52.75,Carbachol dose titration (M5) / Vehicle Control,1.0385172315291238,rise-decay fit,0.962604976902363,,,
Carbachol dose titration (M5),M5,Carbachol agonism,,-6.0,1e-06,4,107.09747822218227,52.75,Carbachol dose titration (M5) / Vehicle Control,1.0302839473399483,rise-decay fit,0.9777320539700314,,,
Carbachol dose titration (M5),M5,Carbachol agonism,,-7.0,1e-07,1,77.01566041238581,52.75,Carbachol dose titration (M5) / Vehicle Control,0.46001251966608175,rise-decay fit,0.8331726804519717,,,
Carbachol dose titration (M5),M5,Carbachol agonism,,-7.0,1e-07,2,81.18390595165394,52.75,Carbachol dose titration (M5) / Vehicle Control,0.5390313924484159,rise-decay fit,0.9815288027812505,,,
Carbachol dose titration (M5),M5,Carbachol agonism,,-7.0,1e-07,3,79.37773133764226,52.75,Carbachol dose titration (M5) / Vehicle Control,0.5047911154055404,rise-decay fit,0.9812151610815749,,,
Carbachol dose titration (M5),M5,Carbachol agonism,,-7.0,1e-07,4,74.08479919019406,52.75,Carbachol dose titration (M5) / Vehicle Control,0.4044511694823519,rise-decay fit,0.979618481849949,,,
Carbachol dose titration (M5),M5,Carbachol agonism,,-8.0,1e-08,1,63.28463531326319,52.75,Carbachol dose titration (M5) / Vehicle Control,0.19970872631778555,rise-decay fit,0.7915100275050136,,,
Carbachol dose titration (M5),M5,Carbachol agonism,,-8.0,1e-08,2,76.38196251651647,52.75,Carbachol dose titration (M5) / Vehicle Control,0.44799928941263445,rise-decay fit,0.9893254235404468,,,
Carbachol dose titration (M5),M5,Carbachol agonism,,-8.0,1e-08,3,75.47817047628695,52.75,Carbachol dose titration (M5) / Vehicle Control,0.4308657910196578,rise-decay fit,0.9776673790565585,,,
Carbachol dose titration (M5),M5,Carbachol agonism,,-8.0,1e-08,4,70.4067781630429,52.75,Carbachol dose titration (M5) / Vehicle Control,0.3347256523799602,rise-decay fit,0.9733656847071874,,,
Carbachol dose titration (M5),M5,Carbachol agonism,,-9.0,1e-09,1,57.124020595315585,52.75,Carbachol dose titration (M5) / Vehicle Control,0.08291982171214379,rise-decay fit,0.7811289104204051,,,
Carbachol dose titration (M5),M5,Carbachol agonism,,-9.0,1e-09,2,70.5476071461377,52.75,Carbachol dose titration (M5) / Vehicle Control,0.3373953961353117,rise-decay fit,0.9734914049520773,,,
Carbachol dose titration (M5),M5,Carbachol agonism,,-9.0,1e-09,3,70.16621043239888,52.75,Carbachol dose titration (M5) / Vehicle Control,0.3301651266805476,rise-decay fit,0.9784841031290037,,,
Carbachol dose titration (M5),M5,Carbachol agonism,,-9.0,1e-09,4,65.19073631700965,52.75,Carbachol dose titration (M5) / Vehicle Control,0.23584334250255265,rise-decay fit,0.9512649841894593,,,
Carbachol dose titration (M5),M5,Carbachol agonism,,-10.0,1e-10,1,58.48309336025678,52.75,Carbachol dose titration (M5) / Vehicle Control,0.1086842343176641,rise-decay fit,0.8461730699276869,,,
Carbachol dose titration (M5),M5,Carbachol agonism,,-10.0,1e-10,2,70.20249185038644,52.75,Carbachol dose titration (M5) / Vehicle Control,0.33085292607367656,rise-decay fit,0.9782645641603748,,,
Carbachol dose titration (M5),M5,Carbachol agonism,,-10.0,1e-10,3,68.25992602450977,52.75,Carbachol dose titration (M5) / Vehicle Control,0.2940270336399956,rise-decay fit,0.9730106409538121,,,
Carbachol dose titration (M5),M5,Carbachol agonism,,-10.0,1e-10,4,66.9245627491956,52.75,Carbachol dose titration (M5) / Vehicle Control,0.2687120900321441,rise-decay fit,0.9727722082612847,,,
Carbachol dose titration (M5),M5,Carbachol agonism,,-11.0,1e-11,1,56.58947568284226,52.75,Carbachol dose titration (M5) / Vehicle Control,0.07278626886904764,rise-decay fit,0.7871579609973879,,,
Carbachol dose titration (M5),M5,Carbachol agonism,,-11.0,1e-11,2,67.36818079606547,52.75,Carbachol dose titration (M5) / Vehicle Control,0.2771219108258858,rise-decay fit,0.9728754437814627,,,
Carbachol dose titration (M5),M5,Carbachol agonism,,-11.0,1e-11,3,61.86586271790927,52.75,Carbachol dose titration (M5) / Vehicle Control,0.17281256337268763,rise-decay fit,0.9438106064970091,,,
Carbachol dose titration (M5),M5,Carbachol agonism,,-11.0,1e-11,4,62.78648734653358,52.75,Carbachol dose titration (M5) / Vehicle Control,0.1902651629674613,rise-decay fit,0.9469766016515783,,,
PAC-3310 dose titration (M5),M5,PAC-3310 agonism,,-5.0,1e-05,1,55.502942843145924,54.60245901639344,PAC-3310 dose titration (M5) / Vehicle Control,0.016491635046731686,rise-decay fit,0.6687662558556093,1.2281001709376211,,
PAC-3310 dose titration (M5),M5,PAC-3310 agonism,,-5.0,1e-05,2,63.46310545080603,54.60245901639344,PAC-3310 dose titration (M5) / Vehicle Control,0.16227559333458477,rise-decay fit,0.815436760334223,12.08434963231271,,
PAC-3310 dose titration (M5),M5,PAC-3310 agonism,,-5.0,1e-05,3,59.98188074440111,54.60245901639344,PAC-3310 dose titration (M5) / Vehicle Control,0.09851977044463497,rise-decay fit,0.7833102988742707,7.336576790654221,,
PAC-3310 dose titration (M5),M5,PAC-3310 agonism,,-5.0,1e-05,4,59.55373469167154,54.60245901639344,PAC-3310 dose titration (M5) / Vehicle Control,0.09067862078870056,rise-decay fit,0.5849190401855082,6.752661538739346,,
PAC-3310 dose titration (M5),M5,PAC-3310 agonism,,-6.0,1e-06,1,65.71103642209006,54.60245901639344,PAC-3310 dose titration (M5) / Vehicle Control,0.20344463611723904,rise-decay fit,0.9211193009943146,15.150128636968521,,
PAC-3310 dose titration (M5),M5,PAC-3310 agonism,,-6.0,1e-06,2,62.907846662439965,54.60245901639344,PAC-3310 dose titration (M5) / Vehicle Control,0.1521064764418939,rise-decay fit,0.8502882190455805,11.327075162024617,,
PAC-3310 dose titration (M5),M5,PAC-3310 agonism,,-6.0,1e-06,3,62.84865616341183,54.60245901639344,PAC-3310 dose titration (M5) / Vehicle Control,0.15102245018933333,rise-decay fit,0.8678200900105566,11.246349823251471,,
PAC-3310 dose titration (M5),M5,PAC-3310 agonism,,-6.0,1e-06,4,60.96078598158744,54.60245901639344,PAC-3310 dose titration (M5) / Vehicle Control,0.11644763037659212,rise-decay fit,0.8556461457079112,8.671629851469175,,
PAC-3310 dose titration (M5),M5,PAC-3310 agonism,,-7.0,1e-07,1,64.07111605076307,54.60245901639344,PAC-3310 dose titration (M5) / Vehicle Control,0.17341081711222617,rise-decay fit,0.9541115504662148,12.913568214096706,,
PAC-3310 dose titration (M5),M5,PAC-3310 agonism,,-7.0,1e-07,2,60.11945720394538,54.60245901639344,PAC-3310 dose titration (M5) / Vehicle Control,0.1010393723457685,rise-decay fit,0.848222521270949,7.5242066719066605,,
PAC-3310 dose titration (M5),M5,PAC-3310 agonism,,-7.0,1e-07,3,65.89563676387954,54.60245901639344,PAC-3310 dose titration (M5) / Vehicle Control,0.20682544249693072,rise-decay fit,0.866237846243082,15.401890750369716,,
PAC-3310 dose titration (M5),M5,PAC-3310 agonism,,-7.0,1e-07,4,59.13124378725992,54.60245901639344,PAC-3310 dose titration (M5) / Vehicle Control,0.08294104061333192,rise-decay fit,0.9177143949767074,6.176458905762878,,
PAC-3310 dose titration (M5),M5,PAC-3310 agonism,,-8.0,1e-08,1,63.355992205273196,54.60245901639344,PAC-3310 dose titration (M5) / Vehicle Control,0.16031390062948742,rise-decay fit,0.9380090015014775,11.938266170022258,,
PAC-3310 dose titration (M5),M5,PAC-3310 agonism,,-8.0,1e-08,2,65.96829238631837,54.60245901639344,PAC-3310 dose titration (M5) / Vehicle Control,0.2081560716251357,rise-decay fit,0.84857115517421,15.500980128419405,,
PAC-3310 dose titration (M5),M5,PAC-3310 agonism,,-8.0,1e-08,3,64.94643777580316,54.60245901639344,PAC-3310 dose titration (M5) / Vehicle Control,0.18944162855933142,rise-decay fit,0.8979307501379834,14.107351742695974,,
PAC-3310 dose titration (M5),M5,PAC-3310 agonism,,-8.0,1e-08,4,60.77513223824744,54.60245901639344,PAC-3310 dose titration (M5) / Vehicle Control,0.1130475317970709,rise-decay fit,0.8442624379468923,8.41843108525331,,
PAC-3310 dose titration (M5),M5,PAC-3310 agonism,,-9.0,1e-09,1,65.66902537898386,54.60245901639344,PAC-3310 dose titration (M5) / Vehicle Control,0.20267523774465684,rise-decay fit,0.9302228007351697,15.092833028000108,,
PAC-3310 dose titration (M5),M5,PAC-3310 agonism,,-9.0,1e-09,2,62.92545290933558,54.60245901639344,PAC-3310 dose titration (M5) / Vehicle Control,0.15242892065434835,rise-decay fit,0.8215476204667256,11.351086958993871,,
PAC-3310 dose titration (M5),M5,PAC-3310 agonism,,-9.0,1e-09,3,59.05027666392913,54.60245901639344,PAC-3310 dose titration (M5) / Vehicle Control,0.08145819304951657,rise-decay fit,0.8139139614566482,6.06603411516839,,
PAC-3310 dose titration (M5),M5,PAC-3310 agonism,,-9.0,1e-09,4,57.97205425826346,54.60245901639344,PAC-3310 dose titration (M5) / Vehicle Control,0.06171141927616045,rise-decay fit,0.782678167273207,4.595530057941435,,
PAC-3310 dose titration (M5),M5,PAC-3310 agonism,,-10.0,1e-10,1,66.66157579263796,54.60245901639344,PAC-3310 dose titration (M5) / Vehicle Control,0.22085299807878583,rise-decay fit,0.8206779792599315,16.446495688515455,,
PAC-3310 dose titration (M5),M5,PAC-3310 agonism,,-10.0,1e-10,2,64.05162018426904,54.60245901639344,PAC-3310 dose titration (M5) / Vehicle Control,0.17305376604080513,rise-decay fit,0.8644327002415992,12.88697931126184,,
PAC-3310 dose titration (M5),M5,PAC-3310 agonism,,-10.0,1e-10,3,66.04108139354078,54.60245901639344,PAC-3310 dose titration (M5) / Vehicle Control,0.20948914358807708,rise-decay fit,0.9225947002424046,15.60025141964804,,
PAC-3310 dose titration (M5),M5,PAC-3310 agonism,,-10.0,1e-10,4,57.55093142083159,54.60245901639344,PAC-3310 dose titration (M5) / Vehicle Control,0.053998894144179875,rise-decay fit,0.693250600195476,4.021193225595442,,
PAC-3310 dose titration (M5),M5,PAC-3310 agonism,,-11.0,1e-11,1,60.84322995043399,54.60245901639344,PAC-3310 dose titration (M5) / Vehicle Control,0.11429468647496012,rise-decay fit,0.8531688671495421,8.511304282408188,,
PAC-3310 dose titration (M5),M5,PAC-3310 agonism,,-11.0,1e-11,2,60.23112913199051,54.60245901639344,PAC-3310 dose titration (M5) / Vehicle Control,0.10308455364450084,rise-decay fit,0.8836133772196242,7.676507368317558,,
PAC-3310 dose titration (M5),M5,PAC-3310 agonism,,-11.0,1e-11,3,59.24379761044186,54.60245901639344,PAC-3310 dose titration (M5) / Vehicle Control,0.08500237311024654,rise-decay fit,0.8194953439888064,6.329962350669744,,
PAC-3310 dose titration (M5),M5,PAC-3310 agonism,,-11.0,1e-11,4,57.53589113060683,54.60245901639344,PAC-3310 dose titration (M5) / Vehicle Control,0.05372344335870802,rise-decay fit,0.4341218827874319,4.000680938259206,,
PAC-3310 + 500 nM carbachol (M5),M5,PAC-3310 antagonism,500.0,-5.0,1e-05,1,75.5779377511908,54.60245901639344,PAC-3310 dose titration (M5) / Vehicle Control,0.3841489763034269,rise-decay fit,0.8941093002286,,-59.40854586667492,-5.806154275627029
PAC-3310 + 500 nM carbachol (M5),M5,PAC-3310 antagonism,500.0,-5.0,1e-05,2,74.24953361436725,54.60245901639344,PAC-3310 dose titration (M5) / Vehicle Control,0.3598203258954898,rise-decay fit,0.9670352874864384,,-49.31299694253908,0.8946860159445902
PAC-3310 + 500 nM carbachol (M5),M5,PAC-3310 antagonism,500.0,-5.0,1e-05,3,76.10761897603955,54.60245901639344,PAC-3310 dose titration (M5) / Vehicle Control,0.39384966074860395,rise-decay fit,0.8334630809066003,,-63.433994577218165,-8.478013836108733
PAC-3310 + 500 nM carbachol (M5),M5,PAC-3310 antagonism,500.0,-5.0,1e-05,4,71.77251012492337,54.60245901639344,PAC-3310 dose titration (M5) / Vehicle Control,0.3144556384058623,rise-decay fit,0.836926954930948,,-30.488219805281492,13.38948209579116
PAC-3310 + 500 nM carbachol (M5),M5,PAC-3310 antagonism,500.0,-6.0,1e-06,1,71.85499527934964,54.60245901639344,PAC-3310 dose titration (M5) / Vehicle Control,0.31596628748489924,rise-decay fit,0.9427883564105454,,-31.11508695281724,12.973404013139533
PAC-3310 + 500 nM carbachol (M5),M5,PAC-3310 antagonism,500.0,-6.0,1e-06,2,73.51092156688176,54.60245901639344,PAC-3310 dose titration (M5) / Vehicle Control,0.34629324193643707,rise-decay fit,0.9270508045685888,,-43.69972470508867,4.620450811788778
PAC-3310 + 500 nM carbachol (M5),M5,PAC-3310 antagonism,500.0,-6.0,1e-06,3,74.32408263443936,54.60245901639344,PAC-3310 dose titration (M5) / Vehicle Control,0.36118563107432305,rise-decay fit,0.9252551053948883,,-49.87955139575242,0.5186400043815098
PAC-3310 + 500 nM carbachol (M5),M5,PAC-3310 antagonism,500.0,-6.0,1e-06,4,71.86559969206107,54.60245901639344,PAC-3310 dose titration (M5) / Vehicle Control,0.31616049875124985,rise-decay fit,0.9321967835628272,,-31.19567791483877,12.919912403172763
PAC-3310 + 500 nM carbachol (M5),M5,PAC-3310 antagonism,500.0,-7.0,1e-07,1,74.37590966918476,54.60245901639344,PAC-3310 dose titration (M5) / Vehicle Control,0.3621348014171796,rise-decay fit,0.9302484262087378,,-50.27342427702497,0.2572100125681209
PAC-3310 + 500 nM carbachol (M5),M5,PAC-3310 antagonism,500.0,-7.0,1e-07,2,74.82298242572142,54.60245901639344,PAC-3310 dose titration (M5) / Vehicle Control,0.3703225783889535,rise-decay fit,0.9418202738144928,,-53.67106868443889,-1.997949435691515
PAC-3310 + 500 nM carbachol (M5),M5,PAC-3310 antagonism,500.0,-7.0,1e-07,3,70.21909553299486,54.60245901639344,PAC-3310 dose titration (M5) / Vehicle Control,0.2860061029836183,rise-decay fit,0.9212621978704696,,-18.68264605136303,21.225337765437036
PAC-3310 + 500 nM carbachol (M5),M5,PAC-3310 antagonism,500.0,-7.0,1e-07,4,68.26906858663155,54.60245901639344,PAC-3310 dose titration (M5) / Vehicle Control,0.2502929321577797,rise-decay fit,0.6047190160947493,,-3.8629146950093007,31.06181656705136
PAC-3310 + 500 nM carbachol (M5),M5,PAC-3310 antagonism,500.0,-8.0,1e-08,1,76.14586865403625,54.60245901639344,PAC-3310 dose titration (M5) / Vehicle Control,0.39455017275274684,rise-decay fit,0.9334724967115647,,-63.72468284357025,-8.670955860568874
PAC-3310 + 500 nM carbachol (M5),M5,PAC-3310 antagonism,500.0,-8.0,1e-08,2,73.4862257895045,54.60245901639344,PAC-3310 dose titration (M5) / Vehicle Control,0.3458409586909179,rise-decay fit,0.9447987224147056,,-43.51204279276952,4.7450231881417615
PAC-3310 + 500 nM carbachol (M5),M5,PAC-3310 antagonism,500.0,-8.0,1e-08,3,70.41997697920978,54.60245901639344,PAC-3310 dose titration (M5) / Vehicle Control,0.28968508466015064,rise-decay fit,0.9188260063242097,,-20.209296271726874,20.212035825678843
PAC-3310 + 500 nM carbachol (M5),M5,PAC-3310 antagonism,500.0,-8.0,1e-08,4,69.7980009002134,54.60245901639344,PAC-3310 dose titration (M5) / Vehicle Control,0.27829409439706293,rise-decay fit,0.847632433820355,,-15.482429077406913,23.349456325210372
PAC-3310 + 500 nM carbachol (M5),M5,PAC-3310 antagonism,500.0,-9.0,1e-09,1,72.90946407507363,54.60245901639344,PAC-3310 dose titration (M5) / Vehicle Control,0.3352780330494608,rise-decay fit,0.5985308219793111,,-39.12879379180774,7.654369845203302
PAC-3310 + 500 nM carbachol (M5),M5,PAC-3310 antagonism,500.0,-9.0,1e-09,2,74.19931464805948,54.60245901639344,PAC-3310 dose titration (M5) / Vehicle Control,0.35890060602916124,rise-decay fit,0.8151714252585958,,-48.93134499097869,1.148004462875074
PAC-3310 + 500 nM carbachol (M5),M5,PAC-3310 antagonism,500.0,-9.0,1e-09,3,70.3994573690758,54.60245901639344,PAC-3310 dose titration (M5) / Vehicle Control,0.28930928454961324,rise-decay fit,0.8543870647215794,,-20.053352216548692,20.315542451818878
PAC-3310 + 500 nM carbachol (M5),M5,PAC-3310 antagonism,500.0,-9.0,1e-09,4,65.55572465744811,54.60245901639344,PAC-3310 dose titration (M5) / Vehicle Control,0.20060022640676572,rise-decay fit,0.3388647158571705,,16.757840409366665,44.748678736149415
PAC-3310 + 500 nM carbachol (M5),M5,PAC-3310 antagonism,500.0,-10.0,1e-10,1,76.94032292580593,54.60245901639344,PAC-3310 dose titration (M5) / Vehicle Control,0.4090999620128085,rise-decay fit,0.6054311306817534,,-69.76234242796286,-12.678404382081986
PAC-3310 + 500 nM carbachol (M5),M5,PAC-3310 antagonism,500.0,-10.0,1e-10,2,68.79561554881866,54.60245901639344,PAC-3310 dose titration (M5) / Vehicle Control,0.25993621511009185,rise-decay fit,0.8797769055942507,,-7.864543770274035,28.405767100008273
PAC-3310 + 500 nM carbachol (M5),M5,PAC-3310 antagonism,500.0,-10.0,1e-10,3,66.89899748142648,54.60245901639344,PAC-3310 dose titration (M5) / Vehicle Control,0.22520118482834658,rise-decay fit,0.8785412573288298,,6.549293072738626,37.972836647151894
PAC-3310 + 500 nM carbachol (M5),M5,PAC-3310 antagonism,500.0,-10.0,1e-10,4,66.97594678728974,54.60245901639344,PAC-3310 dose titration (M5) / Vehicle Control,0.22661044930561422,rise-decay fit,0.3799265051260049,,5.964497030264337,37.5846829258228
PAC-3310 + 500 nM carbachol (M5),M5,PAC-3310 antagonism,500.0,-11.0,1e-11,1,67.2309491220262,54.60245901639344,PAC-3310 dose titration (M5) / Vehicle Control,0.23128061140691997,rise-decay fit,0.9310037863013064,,4.026541196841071,36.298380157199404
PAC-3310 + 500 nM carbachol (M5),M5,PAC-3310 antagonism,500.0,-11.0,1e-11,2,71.85096238052542,54.60245901639344,PAC-3310 dose titration (M5) / Vehicle Control,0.3158924281954667,rise-decay fit,0.937682337923869,,-31.084437900877848,12.993747077561013
PAC-3310 + 500 nM carbachol (M5),M5,PAC-3310 antagonism,500.0,-11.0,1e-11,3,68.18935005771762,54.60245901639344,PAC-3310 dose titration (M5) / Vehicle Control,0.24883295159371763,rise-decay fit,0.9235180287280635,,-3.2570732296739457,31.46393902039496
PAC-3310 + 500 nM carbachol (M5),M5,PAC-3310 antagonism,500.0,-11.0,1e-11,4,73.58633893592992,54.60245901639344,PAC-3310 dose titration (M5) / Vehicle Control,0.34767445022644305,rise-decay fit,0.8757355488675855,,-44.2728783996984,4.240024606243676
