Condition,Receptor,Assay Mode,Concentration,Replicate,Method,Baseline,Amplitude,Tau Rise (s),Tau Decay (s),Peak Time (s),Peak Fluorescence (RFU),Transient R²
Carbachol dose titration (M1),M1,Carbachol agonism,-5.0,1,raw peak fallback,59.0,7.0,,,0.0,66.0,
Carbachol dose titration (M1),M1,Carbachol agonism,-5.0,2,rise-decay fit,52.6003316948585,18.081323188115185,4.271918529500317,75.61926347437516,13.011014529366733,66.96352746797811,0.8674268818020235
Carbachol dose titration (M1),M1,Carbachol agonism,-5.0,3,rise-decay fit,50.989803089402265,18.423490598349137,5.12242213580822,85.81226931301592,15.354271985248154,65.47531025331777,0.890752822017341
Carbachol dose titration (M1),M1,Carbachol agonism,-5.0,4,rise-decay fit,52.576541190522725,19.49416156866747,4.868658821805877,89.28814914086941,14.979994791138036,68.1609842941588,0.8758891203612196
Carbachol dose titration (M1),M1,Carbachol agonism,-6.0,1,rise-decay fit,47.190845120078855,11.683019386424316,3.3794739378829526,75.67745097989777,10.997061975053114,56.84257777766149,0.8577769803948715
Carbachol dose titration (M1),M1,Carbachol agonism,-6.0,2,rise-decay fit,45.98256743644904,13.437804960292322,6.49046536140602,90.35547669060098,18.41489337690518,56.15543280319608,0.8834289200912142
Carbachol dose titration (M1),M1,Carbachol agonism,-6.0,3,rise-decay fit,46.34491991248984,13.856550755530497,8.22657843837766,90.69313045079777,21.714368512374396,56.261840395118575,0.8775260915555521
Carbachol dose titration (M1),M1,Carbachol agonism,-6.0,4,rise-decay fit,46.74501880077122,13.473892334261867,9.716802115509276,93.14625038843631,24.52100084830125,56.020103350739404,0.8959575179634062
Carbachol dose titration (M1),M1,Carbachol agonism,-7.0,1,rise-decay fit,38.75231414679629,5.715582313113674,3.7884460101601145,89.70407766197013,12.517410008285905,43.51353728136676,0.8562229331826039
Carbachol dose titration (M1),M1,Carbachol agonism,-7.0,2,rise-decay fit,39.869850518883034,7.588102703665695,16.434473562124975,91.70831818425943,34.42348941709568,44.148950944037026,0.9034825820578551
Carbachol dose titration (M1),M1,Carbachol agonism,-7.0,3,rise-decay fit,38.949762174044935,1203.7377603783482,57.745401386829435,58.23604143565145,57.99002955194119,42.69641266170157,0.8955266845085539
Carbachol dose titration (M1),M1,Carbachol agonism,-7.0,4,rise-decay fit,40.38015634096254,9.408852686277722,26.790294061605827,108.30970358376351,49.724023932459325,44.854708588033475,0.8969590288071277
Carbachol dose titration (M1),M1,Carbachol agonism,-8.0,1,rise-decay fit,34.2630636159766,3.1848067073502433,99.99999999999999,499.9999999999989,201.17973905426237,35.966910502988085,0.6882344606735742
Carbachol dose titration (M1),M1,Carbachol agonism,-8.0,2,rise-decay fit,35.397689483658596,2.5194426170099713,71.72949199074633,499.9999999999789,162.60469761575268,36.956581345188866,0.5049813150020938
Carbachol dose titration (M1),M1,Carbachol agonism,-8.0,3,rise-decay fit,33.754690250292036,4.420356266125874,51.532179143382315,398.69239754831125,121.08453726469664,36.595565962251484,0.7297180081356505
Carbachol dose titration (M1),M1,Carbachol agonism,-8.0,4,rise-decay fit,34.99335262812097,3.1248773588860876,52.02763380443124,499.99999999999915,131.40302935924015,37.14603015365467,0.7388997561360893
Carbachol dose titration (M1),M1,Carbachol agonism,-9.0,1,rise-decay fit,32.685331948299975,4.142361573452216,99.99999999999999,499.99999999999955,201.17973905426248,34.90146326186241,0.7729292472066354
Carbachol dose titration (M1),M1,Carbachol agonism,-9.0,2,rise-decay fit,33.52233824880575,3.038309513219483,84.21974170438472,499.99999999995686,180.39626778668455,35.28364770396219,0.6080029586398396
Carbachol dose titration (M1),M1,Carbachol agonism,-9.0,3,rise-decay fit,33.4162185908188,3.7612577339778754,51.36751776380006,463.9114658024363,127.11941420696333,35.95932385565707,0.6285498457928137
Carbachol dose titration (M1),M1,Carbachol agonism,-9.0,4,rise-decay fit,33.40366229101666,3.3848757312032074,43.23542739082219,499.9999999999999,115.85626199717457,35.856301496310294,0.5802993166768364
Carbachol dose titration (M1),M1,Carbachol agonism,-10.0,1,rise-decay fit,34.045141176381996,6.217079754610932,0.06421752153624963,7.238001398018529,0.3061325982788419,39.95187634869913,0.2385342342254655
Carbachol dose titration (M1),M1,Carbachol agonism,-10.0,2,rise-decay fit,32.86232202591864,3.7327945364981114,99.99999999999999,499.999999999916,201.17973905424998,34.859338151320124,0.6774287980886491
Carbachol dose titration (M1),M1,Carbachol agonism,-10.0,3,rise-decay fit,34.311179236628355,13.460114730765165,99.99999999059081,117.47184796572445,108.26741791030337,35.10768364209168,0.2734965242061631
Carbachol dose titration (M1),M1,Carbachol agonism,-10.0,4,rise-decay fit,32.880900725324075,9.478747655725833,99.99999999999994,173.77006857615666,130.1596657369587,34.783533189771475,0.5579007242972223
Carbachol dose titration (M1),M1,Carbachol agonism,-11.0,1,rise-decay fit,34.857074272816355,3.912398171180216,73.00035848061607,0.10048967871236555,0.0,34.857074272816355,0.7176642707865251
Carbachol dose titration (M1),M1,Carbachol agonism,-11.0,2,rise-decay fit,34.4114652142102,3.7752600570045614,85.15418766924608,499.9999999995976,181.67619576762405,36.58948409705937,0.5894787294227002
Carbachol dose titration (M1),M1,Carbachol agonism,-11.0,3,rise-decay fit,33.71108367365197,5.9998869984263505,86.50577913423105,272.67268732010797,145.46188215977213,36.11390867291271,0.8036428349296185
Carbachol dose titration (M1),M1,Carbachol agonism,-11.0,4,rise-decay fit,32.68800862333391,5.209086408513154,81.03134672718653,499.9999999999997,175.97805531004042,35.75788220403509,0.7465369165961064
Carbachol dose titration (M1),M1,Carbachol agonism,Vehicle Control,1,rise-decay fit,34.561216933724246,5.687662158550507,72.35230329194941,0.12121102167520459,0.0,34.561216933724246,0.7354580207767036
Carbachol dose titration (M1),M1,Carbachol agonism,Vehicle Control,2,rise-decay fit,31.10395984243235,5.260082810554593,99.99999999999999,499.99999999999994,201.1797390542625,33.91806334877756,0.8410113516384592
Carbachol dose titration (M1),M1,Carbachol agonism,Vehicle Control,3,rise-decay fit,34.013170639380974,3.2532599564925824,37.5032471061237,0.11989123464969145,0.0,34.013170639380974,0.6517037538652082
Carbachol dose titration (M1),M1,Carbachol agonism,Vehicle Control,4,rise-decay fit,30.008685191658238,5.52139855196987,65.99373184824881,499.99999999999994,153.96148220439787,33.531143408655886,0.8082309107165313
PAC-3310 dose titration (M1),M1,PAC-3310 agonism,-5.0,1,rise-decay fit,34.894189041130545,6.114073098610925,0.06629319428609087,5.827022759923986,0.30015470460017896,40.63522856332017,0.23895146322198313
PAC-3310 dose titration (M1),M1,PAC-3310 agonism,-5.0,2,rise-decay fit,32.09703738912479,5.465779523705413,99.99999999999999,499.99999999999994,201.1797390542625,35.021187041618106,0.8899841812182172
PAC-3310 dose titration (M1),M1,PAC-3310 agonism,-5.0,3,rise-decay fit,32.11034594693843,5.283240468935708,99.99999999999999,499.9999999999998,201.1797390542625,34.9368386209063,0.8436316205606799
PAC-3310 dose titration (M1),M1,PAC-3310 agonism,-5.0,4,rise-decay fit,33.38766605114768,3.8919018638339553,82.09227674835414,499.99999999999994,177.457097581083,35.668717060945475,0.6298266439764408
PAC-3310 dose titration (M1),M1,PAC-3310 agonism,-6.0,1,rise-decay fit,35.031217359225586,2.792873574831704,39.46146414462287,2.9092414837939056,0.0,35.031217359225586,0.5164791662489753
PAC-3310 dose titration (M1),M1,PAC-3310 agonism,-6.0,2,rise-decay fit,33.08192983267658,5.197255133672924,99.99999999999999,499.99999999994867,201.1797390542549,35.8624210191826,0.7989558836092683
PAC-3310 dose titration (M1),M1,PAC-3310 agonism,-6.0,3,rise-decay fit,33.25166692292573,5.25603561207207,99.99999999999999,464.4145918923335,195.6997713577141,35.957747659129296,0.832413207183797
PAC-3310 dose titration (M1),M1,PAC-3310 agonism,-6.0,4,rise-decay fit,33.86157860483049,4.909416645069237,99.99999999998128,468.9091824260655,196.41059493004988,36.402252821809476,0.7060714891897144
PAC-3310 dose titration (M1),M1,PAC-3310 agonism,-7.0,1,rise-decay fit,33.4953721445739,4.388027257612693,99.99999999999969,460.3967500922783,195.0595513274143,35.74399859465789,0.6674699025497937
PAC-3310 dose titration (M1),M1,PAC-3310 agonism,-7.0,2,rise-decay fit,33.322648734618696,5.077185517969363,99.99999999999785,305.41353858013196,166.00325390942365,35.305586687732784,0.6728713763821936
PAC-3310 dose titration (M1),M1,PAC-3310 agonism,-7.0,3,rise-decay fit,33.88854346730459,4.8159919274567216,99.99999999999999,356.7848246800674,176.7304524686827,36.00069222374091,0.7743081790834004
PAC-3310 dose titration (M1),M1,PAC-3310 agonism,-7.0,4,rise-decay fit,34.30363323404497,8.53763421384984,99.99999999999865,247.22522878010864,151.9922043595293,37.05295788068397,0.8367857827528025
PAC-3310 dose titration (M1),M1,PAC-3310 agonism,-8.0,1,rise-decay fit,32.88918139468524,5.5732147919351425,99.99999999999999,499.9999999999645,201.17973905425723,35.870808082411386,0.8358878134415653
PAC-3310 dose titration (M1),M1,PAC-3310 agonism,-8.0,2,rise-decay fit,33.04201560683368,5.422007436932868,85.11750428367796,499.99999999999727,181.62607506251638,36.17066438612519,0.9040754849971947
PAC-3310 dose titration (M1),M1,PAC-3310 agonism,-8.0,3,rise-decay fit,32.78143876521062,4.10941785915184,66.31382229365882,478.60532211753514,152.14902545603894,35.357431231080014,0.7248843764617423
PAC-3310 dose titration (M1),M1,PAC-3310 agonism,-8.0,4,rise-decay fit,33.39167331274981,6.453858089650438,90.82798778042144,342.03236146028286,163.9769763922756,36.326416988083324,0.8239923274956601
PAC-3310 dose titration (M1),M1,PAC-3310 agonism,-9.0,1,rise-decay fit,34.99702492165501,2.3772330884316935,37.954905085764125,1.3391509757750606,0.0,34.99702492165501,0.6238659005096683
PAC-3310 dose titration (M1),M1,PAC-3310 agonism,-9.0,2,rise-decay fit,32.141089273673465,7.152923969345555,99.99999999999862,294.63635595687333,163.57463736003973,34.853228312095794,0.755510823029924
PAC-3310 dose titration (M1),M1,PAC-3310 agonism,-9.0,3,rise-decay fit,32.71389206980227,4.495933763077694,99.99999999999984,427.91617724826693,189.70890806341924,34.925394532699706,0.7406292613249977
PAC-3310 dose titration (M1),M1,PAC-3310 agonism,-9.0,4,rise-decay fit,35.03998037043318,2.0639190514497487,49.66235716493293,0.10804965032336289,0.0,35.03998037043318,0.5795403691369475
PAC-3310 dose titration (M1),M1,PAC-3310 agonism,-10.0,1,rise-decay fit,32.73400411431009,2.9338270358277385,99.99999999999999,499.9999999999897,201.17973905426098,34.30357882366008,0.5586507396489919
PAC-3310 dose titration (M1),M1,PAC-3310 agonism,-10.0,2,rise-decay fit,32.70061665178841,2.2865994500618694,79.43838330859737,499.99999999999994,173.74023649620162,34.05937076526979,0.6328235649572127
PAC-3310 dose titration (M1),M1,PAC-3310 agonism,-10.0,3,rise-decay fit,34.153872897374384,26.958623180746105,23.322033179466132,22.87782730297857,0.0,34.153872897374384,0.03504643485174452
PAC-3310 dose titration (M1),M1,PAC-3310 agonism,-10.0,4,rise-decay fit,33.34562721673552,3.0316844759522508,99.99999999999994,499.9999999572731,201.17973904787866,34.96755489749829,0.7144054319047991
PAC-3310 dose titration (M1),M1,PAC-3310 agonism,-11.0,1,rise-decay fit,32.0423746293823,5.2636431434171165,99.99999999999999,499.99999999999994,201.1797390542625,34.85838288619495,0.778023565964429
PAC-3310 dose titration (M1),M1,PAC-3310 agonism,-11.0,2,rise-decay fit,31.43000370322205,4.892045058736939,97.71075931691334,499.99999999999756,198.26808631976962,34.0775611360958,0.9015165411791876
PAC-3310 dose titration (M1),M1,PAC-3310 agonism,-11.0,3,rise-decay fit,32.62720131743151,4.466557480881842,99.99999999999999,499.9999999999956,201.1797390542619,35.01677492699922,0.8418484996201445
PAC-3310 dose titration (M1),M1,PAC-3310 agonism,-11.0,4,rise-decay fit,35.02265630743545,3.068706532671614,51.148322319254675,4.3365671675239605,0.0,35.02265630743545,0.7229395254194164
PAC-3310 dose titration (M1),M1,PAC-3310 agonism,Vehicle Control,1,rise-decay fit,33.304487627951296,3.9532495708394255,56.746976359879746,6.716515363148549,0.0,33.304487627951296,0.7048453222842854
PAC-3310 dose titration (M1),M1,PAC-3310 agonism,Vehicle Control,2,rise-decay fit,33.02013492798678,4.8407245575967,36.016667847007234,8.738037664085558,0.0,33.02013492798678,0.6469197823435144
PAC-3310 dose titration (M1),M1,PAC-3310 agonism,Vehicle Control,3,rise-decay fit,29.57363767395001,6.259671031418393,99.99999999999996,499.9999999999775,201.17973905425913,32.922513125632186,0.8537044450997369
PAC-3310 dose titration (M1),M1,PAC-3310 agonism,Vehicle Control,4,rise-decay fit,30.86392935427012,5.587916406046934,99.99999999999999,499.99999999999994,201.1797390542625,33.853421291520185,0.8273600905883619
PAC-3310 + 500 nM carbachol (M1),M1,PAC-3310 antagonism,-5.0,1,rise-decay fit,68.85308925151288,7.25238310791487,25.26381022833862,1.1613838965014285,0.0,68.85308925151288,0.5540632951117492
PAC-3310 + 500 nM carbachol (M1),M1,PAC-3310 antagonism,-5.0,2,rise-decay fit,66.78032723703053,6.924085517879378,83.7724944337665,499.9999999999989,179.78129978591699,70.80348573172688,0.7633390992063103
PAC-3310 + 500 nM carbachol (M1),M1,PAC-3310 antagonism,-5.0,3,rise-decay fit,74.11149235072095,3.0622595143242433,57.96760359854735,0.18335546023913962,0.0,74.11149235072095,0.6086972711182288
PAC-3310 + 500 nM carbachol (M1),M1,PAC-3310 antagonism,-5.0,4,rise-decay fit,68.58583710737493,2.057294173199671,22.080730495331508,499.9999999999997,72.07256240895114,70.2883072371626,0.5699750944954474
PAC-3310 + 500 nM carbachol (M1),M1,PAC-3310 antagonism,-6.0,1,rise-decay fit,61.20597055508548,11.596299436991275,80.28558691380319,499.9999999999946,174.932975552401,68.06651288044858,0.8956996102876114
PAC-3310 + 500 nM carbachol (M1),M1,PAC-3310 antagonism,-6.0,2,rise-decay fit,60.81932737913193,10.988929893782169,76.4189332194371,499.99999999999824,169.44054497600095,67.4529040148486,0.8985431031530037
PAC-3310 + 500 nM carbachol (M1),M1,PAC-3310 antagonism,-6.0,3,rise-decay fit,68.8570899887276,5.941208638994933,32.9748650116094,0.11148453084504784,0.0,68.8570899887276,0.5747701850305105
PAC-3310 + 500 nM carbachol (M1),M1,PAC-3310 antagonism,-6.0,4,rise-decay fit,65.01335392894097,8.95982048346482,99.99999999999999,499.99999999999994,201.1797390542625,69.80678839505798,0.7923379495839444
PAC-3310 + 500 nM carbachol (M1),M1,PAC-3310 antagonism,-7.0,1,rise-decay fit,62.290068002366226,9.114611712560611,74.45300632051799,499.9999999999998,166.59885096521552,67.84923565050705,0.8754898141393866
PAC-3310 + 500 nM carbachol (M1),M1,PAC-3310 antagonism,-7.0,2,rise-decay fit,62.16631992126455,8.51760347799135,68.15892405117839,499.99999999999994,157.2624677498265,67.53756438958294,0.8384569433144962
PAC-3310 + 500 nM carbachol (M1),M1,PAC-3310 antagonism,-7.0,3,rise-decay fit,63.801991231207275,4.912555223606816,24.917448293587626,1.509866693557683,0.0,63.801991231207275,0.4761307247618668
PAC-3310 + 500 nM carbachol (M1),M1,PAC-3310 antagonism,-7.0,4,rise-decay fit,68.6648291674309,4.417278483034485,29.092141613089524,0.20760635389716786,0.0,68.6648291674309,0.5322096011518959
PAC-3310 + 500 nM carbachol (M1),M1,PAC-3310 antagonism,-8.0,1,rise-decay fit,63.13865192508728,8.05216768701882,84.24859468625019,499.999999999969,180.4358880192673,67.80580355791629,0.8517496952311788
PAC-3310 + 500 nM carbachol (M1),M1,PAC-3310 antagonism,-8.0,2,rise-decay fit,64.84569348511059,7.967088626703125,75.55786535346348,499.9999999988395,168.20007927518697,69.67685326985567,0.8521908658611307
PAC-3310 + 500 nM carbachol (M1),M1,PAC-3310 antagonism,-8.0,3,rise-decay fit,69.7596284463262,5.657502399465954,36.33332662153567,0.13220120025531207,0.0,69.7596284463262,0.5700476406892767
PAC-3310 + 500 nM carbachol (M1),M1,PAC-3310 antagonism,-8.0,4,rise-decay fit,67.86565786194643,1.562749550261835,99.99999999999999,499.9999999999977,201.1797390542622,68.70171675062153,0.1415601690595668
PAC-3310 + 500 nM carbachol (M1),M1,PAC-3310 antagonism,-9.0,1,rise-decay fit,60.51350582617755,4.921926778526443,72.99924029998671,499.99999999998545,164.47529273714468,63.53855450637227,0.729929071685824
PAC-3310 + 500 nM carbachol (M1),M1,PAC-3310 antagonism,-9.0,2,rise-decay fit,65.62406199698115,7.188825123159795,90.37053312999164,499.99999999994145,188.70218798482352,69.6621377972012,0.8023313532069563
PAC-3310 + 500 nM carbachol (M1),M1,PAC-3310 antagonism,-9.0,3,rise-decay fit,64.38103691991674,10.081625066159015,99.99999999999999,499.9999999999994,201.17973905426246,69.77462813703764,0.878611299640708
PAC-3310 + 500 nM carbachol (M1),M1,PAC-3310 antagonism,-9.0,4,rise-decay fit,65.94085940489352,0.9053600260847456,66.06301927464617,0.11184440925312977,0.0,65.94085940489352,0.16679092884016988
PAC-3310 + 500 nM carbachol (M1),M1,PAC-3310 antagonism,-10.0,1,rise-decay fit,62.39534591634766,3.068374184977513,99.99999999999999,499.9999999999989,201.17973905426237,64.03690230694257,0.7096704797265108
PAC-3310 + 500 nM carbachol (M1),M1,PAC-3310 antagonism,-10.0,2,rise-decay fit,59.67527193555982,4.885216896096777,77.1930300068616,499.99999999972573,170.55023406403188,62.61236652419914,0.7376615458571951
PAC-3310 + 500 nM carbachol (M1),M1,PAC-3310 antagonism,-10.0,3,rise-decay fit,60.09031610406696,9.753481273937497,89.23892373043483,499.9999999992937,187.19472729799384,65.6007228747306,0.8466056058384703
PAC-3310 + 500 nM carbachol (M1),M1,PAC-3310 antagonism,-10.0,4,rise-decay fit,62.52636169847448,4.244680746181983,99.99999999999999,499.99999999994645,201.17973905425453,64.79723297585778,0.6887681469474375
PAC-3310 + 500 nM carbachol (M1),M1,PAC-3310 antagonism,-11.0,1,rise-decay fit,59.95063403492965,9.029087493911268,99.99999999999999,499.99999999999994,201.1797390542625,64.78112581439926,0.9111993449244837
PAC-3310 + 500 nM carbachol (M1),M1,PAC-3310 antagonism,-11.0,2,rise-decay fit,55.29237921619716,8.31698047989861,74.8559031501828,499.99999999994014,167.1840080119584,60.35432683576888,0.8873628134376002
PAC-3310 + 500 nM carbachol (M1),M1,PAC-3310 antagonism,-11.0,3,rise-decay fit,68.41764219243795,6.699361018183538,52.23339523178348,0.2111685038895985,0.0,68.41764219243795,0.669679629363835
PAC-3310 + 500 nM carbachol (M1),M1,PAC-3310 antagonism,-11.0,4,rise-decay fit,64.29101371595107,3.6134701798236235,56.3469371785812,0.1121499572207646,0.0,64.29101371595107,0.4968841130334696
PAC-3310 + 500 nM carbachol (M1),M1,PAC-3310 antagonism,Carbachol-only Control (500 nM),1,rise-decay fit,63.84296117925959,5.490270994643461,34.703303389066974,0.162489861797397,0.0,63.84296117925959,0.6346838314219989
PAC-3310 + 500 nM carbachol (M1),M1,PAC-3310 antagonism,Carbachol-only Control (500 nM),2,rise-decay fit,60.832213233376415,3.580093958415781,42.66025497620944,0.11013928463657532,0.0,60.832213233376415,0.5136542972529407
PAC-3310 + 500 nM carbachol (M1),M1,PAC-3310 antagonism,Carbachol-only Control (500 nM),3,rise-decay fit,65.63903664201598,5.278726971835933,47.992145014148925,0.18007130437712826,0.0,65.63903664201598,0.5995374683715089
PAC-3310 + 500 nM carbachol (M1),M1,PAC-3310 antagonism,Carbachol-only Control (500 nM),4,rise-decay fit,60.27726390787432,5.921240504134595,99.99999999999999,499.9999999999993,201.17973905426246,63.445081652333286,0.6891864076097023
Carbachol dose titration (M3),M3,Carbachol agonism,-5.0,1,rise-decay fit,75.41619645456746,12.783235538519184,4.832234462704087,109.8697396057355,15.790316813372353,86.0011981463938,0.8864497548950997
Carbachol dose titration (M3),M3,Carbachol agonism,-5.0,2,rise-decay fit,81.82540626576981,24.323082355446672,9.573725104577896,97.29391944837454,24.621486708398344,98.85203442349528,0.8928209008247439
Carbachol dose titration (M3),M3,Carbachol agonism,-5.0,3,rise-decay fit,81.45730244159526,31.326973796570968,17.045452089549478,79.40843688736985,33.3970582201224,97.61301366071588,0.8954575472347159
Carbachol dose titration (M3),M3,Carbachol agonism,-5.0,4,rise-decay fit,76.60882359261613,23.571237946208207,10.182991917258622,96.13643775768169,25.569725242619644,92.7615904030808,0.8809034532074599
Carbachol dose titration (M3),M3,Carbachol agonism,-6.0,1,rise-decay fit,71.08240910205421,14.906845212102658,7.151128265559383,103.1257349724331,20.506030246138472,82.45390941045838,0.8597057979112701
Carbachol dose titration (M3),M3,Carbachol agonism,-6.0,2,rise-decay fit,77.15294573870864,44.87600216540188,24.512134629683693,66.33586830670778,38.70573023694352,92.93944700867168,0.8996655969939995
Carbachol dose titration (M3),M3,Carbachol agonism,-6.0,3,rise-decay fit,75.5020764169866,42.64904934589441,23.50585585545816,69.1452346849333,38.42410577563295,91.65119265287159,0.8994036425101324
Carbachol dose titration (M3),M3,Carbachol agonism,-6.0,4,rise-decay fit,72.64864234211869,109.36789973114608,37.61827067710823,52.247846702828255,44.13493820063996,85.80679259079372,0.909799660503914
Carbachol dose titration (M3),M3,Carbachol agonism,-7.0,1,rise-decay fit,59.20727890482333,11.652995124370266,5.897119732181459,114.51313814083817,18.441895159381865,68.61608874530853,0.8385031103248063
Carbachol dose titration (M3),M3,Carbachol agonism,-7.0,2,rise-decay fit,64.65054870507612,22.432974653343496,8.1668202370347,107.9687338138663,22.810160907141917,81.43765782113314,0.877516252741115
Carbachol dose titration (M3),M3,Carbachol agonism,-7.0,3,rise-decay fit,63.150275779333256,76.72949252848574,34.706391883479434,54.739494872530585,43.21200925609981,75.9021061572428,0.9102035064309559
Carbachol dose titration (M3),M3,Carbachol agonism,-7.0,4,rise-decay fit,63.433887225390144,52.28943454569381,31.15267910059502,61.81894640440709,43.037092947717554,76.36411810331201,0.8970305220656657
Carbachol dose titration (M3),M3,Carbachol agonism,-8.0,1,rise-decay fit,44.932768463812444,711.1258944312486,28.48788884620519,28.742436448486547,28.614785255710313,47.25992841729017,0.8707737555014343
Carbachol dose titration (M3),M3,Carbachol agonism,-8.0,2,rise-decay fit,50.47346429632147,24.517697282898837,43.86702421011461,72.73714119639087,55.88941776447516,54.98652183941188,0.9418100508369063
Carbachol dose titration (M3),M3,Carbachol agonism,-8.0,3,rise-decay fit,49.64405687083878,1555.6819406228576,58.77144465610212,59.42811538856331,59.09856394585793,56.00307932292042,0.9747247933897041
Carbachol dose titration (M3),M3,Carbachol agonism,-8.0,4,rise-decay fit,46.818048488016835,12.971879774039898,37.35127673032256,84.03185644326014,54.518308863571725,50.58450535237745,0.9246946284474178
Carbachol dose titration (M3),M3,Carbachol agonism,-9.0,1,rise-decay fit,45.198508720361495,4.6532212298786195,99.99999999999999,5.488431588044373,0.0,45.198508720361495,0.7523590768633108
Carbachol dose titration (M3),M3,Carbachol agonism,-9.0,2,rise-decay fit,44.08988247411626,5.62541023122428,74.63250106246555,292.36354025268827,136.83517161960805,46.713424911809184,0.6682626127528648
Carbachol dose titration (M3),M3,Carbachol agonism,-9.0,3,rise-decay fit,47.387051646034,5.347454544151763,48.67791560728448,295.12182216555436,105.05318606531802,50.515075176143334,0.7313790214018193
Carbachol dose titration (M3),M3,Carbachol agonism,-9.0,4,rise-decay fit,43.193168131514554,3.07800516357722,39.77412112461171,499.9999999999621,109.38528400263307,45.46962551757707,0.5722063495523544
Carbachol dose titration (M3),M3,Carbachol agonism,-10.0,1,rise-decay fit,43.6989344940725,4.622600238907002,99.99999999999997,2.9451904681412224,0.0,43.6989344940725,0.732518165159771
Carbachol dose titration (M3),M3,Carbachol agonism,-10.0,2,rise-decay fit,44.4009555184701,4.189665993819675,60.82377331842286,499.99999999999994,145.87882754302368,47.14973234455411,0.8318990925941911
Carbachol dose titration (M3),M3,Carbachol agonism,-10.0,3,rise-decay fit,44.60598475101903,4.635725115239279,37.05469121876177,499.9999999999995,104.1421118378362,48.09112829211719,0.7844367881775861
Carbachol dose titration (M3),M3,Carbachol agonism,-10.0,4,rise-decay fit,44.49587299923255,4.062474561982214,37.69104197969148,499.9999999999999,105.38227628779558,47.538292364836224,0.7247948850828898
Carbachol dose titration (M3),M3,Carbachol agonism,-11.0,1,rise-decay fit,43.02841973826956,5.508398731731242,99.99999999999999,1.7815237615618804,0.0,43.02841973826956,0.7434150669503627
Carbachol dose titration (M3),M3,Carbachol agonism,-11.0,2,rise-decay fit,45.18956882259154,2.9229914144912974,51.46398861828159,0.11038415350986214,0.0,45.18956882259154,0.5719780935823687
Carbachol dose titration (M3),M3,Carbachol agonism,-11.0,3,rise-decay fit,45.192259997513304,4.621544532813309,53.72522152980883,499.99999999999994,134.27402711011413,48.34574335167109,0.7963384934573403
Carbachol dose titration (M3),M3,Carbachol agonism,-11.0,4,rise-decay fit,43.74089440544502,4.009377187268325,52.75098046849138,499.9999999999993,132.63116033630376,46.491664826176084,0.6536101445178732
Carbachol dose titration (M3),M3,Carbachol agonism,Vehicle Control,1,rise-decay fit,40.13714924758934,5.275111874851351,99.9999999999998,3.1990385697843697,0.0,40.13714924758934,0.7027306371463669
Carbachol dose titration (M3),M3,Carbachol agonism,Vehicle Control,2,rise-decay fit,43.96411924402599,3.3843309111591346,54.26711611709865,1.4632381894512845,0.0,43.96411924402599,0.6155291840884736
Carbachol dose titration (M3),M3,Carbachol agonism,Vehicle Control,3,rise-decay fit,38.05986682855614,4.982761658228972,99.99999999999989,499.9999999999998,201.17973905426237,40.72560566931523,0.6880976199433089
Carbachol dose titration (M3),M3,Carbachol agonism,Vehicle Control,4,rise-decay fit,38.55190003676392,4.390383057457196,84.25253981158573,499.9999999997669,180.44130487582254,41.096577175626145,0.9016259527746242
PAC-3310 dose titration (M3),M3,PAC-3310 agonism,-5.0,1,rise-decay fit,45.82184827131663,32.962121254537266,99.9999999999849,156.25978477102055,123.97223338847138,51.189800600041835,0.8943284204002905
PAC-3310 dose titration (M3),M3,PAC-3310 agonism,-5.0,2,rise-decay fit,45.11718604571682,5.6585976370512014,37.73007091798325,242.44682529464814,83.12651183577239,48.50829197429416,0.8340627653005105
PAC-3310 dose titration (M3),M3,PAC-3310 agonism,-5.0,3,rise-decay fit,43.63427711887286,6.5325355281849085,35.91621396886815,404.44127482816623,95.4400751945473,48.33547465221282,0.8597702347512836
PAC-3310 dose titration (M3),M3,PAC-3310 agonism,-5.0,4,rise-decay fit,47.052088884602604,54.95245031638071,99.99999999998707,122.64927447855104,110.55503210087427,51.172181259361224,0.9096854365185447
PAC-3310 dose titration (M3),M3,PAC-3310 agonism,-6.0,1,rise-decay fit,48.299040001710445,3.214786201820766,99.99999999999999,499.99999999999994,201.1797390542625,50.01892568574213,0.7164277153460232
PAC-3310 dose titration (M3),M3,PAC-3310 agonism,-6.0,2,rise-decay fit,48.3534902945051,2.785875556188244,99.99999999999999,499.99999999999994,201.1797390542625,49.84391210976245,0.4994236551726976
PAC-3310 dose titration (M3),M3,PAC-3310 agonism,-6.0,3,rise-decay fit,48.26092415552578,2.7724666515853302,99.99999999999999,499.99999999999994,201.1797390542625,49.74417231082028,0.44554829546630026
PAC-3310 dose titration (M3),M3,PAC-3310 agonism,-6.0,4,rise-decay fit,50.29007303292683,104.80986876082811,52.94309423768854,52.372633117748876,0.0,50.29007303292683,0.08588659975798418
PAC-3310 dose titration (M3),M3,PAC-3310 agonism,-7.0,1,rise-decay fit,46.63744096207891,2.521452316789982,99.99999999999999,499.99999999999994,201.1797390542625,47.986398395129825,0.5430895469308099
PAC-3310 dose titration (M3),M3,PAC-3310 agonism,-7.0,2,rise-decay fit,51.942402581893504,1.4831053987992384,99.99999999999997,0.14577491768065615,0.0,51.942402581893504,0.3646782479240531
PAC-3310 dose titration (M3),M3,PAC-3310 agonism,-7.0,3,rise-decay fit,49.14435193328126,1.041258973555737,91.29949611373509,0.10053062198935414,0.0,49.14435193328126,0.3039952435413913
PAC-3310 dose titration (M3),M3,PAC-3310 agonism,-7.0,4,rise-decay fit,48.96310878485305,1.6407258086310632,99.99999999999999,499.99999999999994,201.1797390542625,49.84088436697035,0.2454764530467758
PAC-3310 dose titration (M3),M3,PAC-3310 agonism,-8.0,1,rise-decay fit,48.05015467403104,184.16623924807544,37.25209234437403,36.611980837526616,0.0,48.05015467403104,0.4232140091259111
PAC-3310 dose titration (M3),M3,PAC-3310 agonism,-8.0,2,rise-decay fit,48.901966116164196,194.50971636732766,34.5278508736771,33.985785569898056,0.0,48.901966116164196,0.4267393074189104
PAC-3310 dose titration (M3),M3,PAC-3310 agonism,-8.0,3,rise-decay fit,47.21641922419114,3.8997135911805643,99.99999999999999,499.99999999999335,201.17973905426155,49.30273574922056,0.5935014350374601
PAC-3310 dose titration (M3),M3,PAC-3310 agonism,-8.0,4,rise-decay fit,49.293209354495346,0.9269445575263,79.10137544577844,0.119982223903286,0.0,49.293209354495346,0.18107760513715287
PAC-3310 dose titration (M3),M3,PAC-3310 agonism,-9.0,1,rise-decay fit,46.02242600802213,307.48709935446755,44.8683167356942,44.47115914672057,0.0,46.02242600802213,0.42758779274708825
PAC-3310 dose titration (M3),M3,PAC-3310 agonism,-9.0,2,rise-decay fit,47.09278319091067,1.106331553908005,69.62728758997254,0.1441905886425906,0.0,47.09278319091067,0.24904630868175515
PAC-3310 dose titration (M3),M3,PAC-3310 agonism,-9.0,3,rise-decay fit,47.56169226927872,198.211887648383,53.810157365688646,53.28637387442888,0.0,47.56169226927872,0.2247946050374876
PAC-3310 dose titration (M3),M3,PAC-3310 agonism,-9.0,4,rise-decay fit,48.177024598530565,2.283776239626682,99.99999999999999,499.99999999999807,201.17973905426226,49.39882717371925,0.3482096262737696
PAC-3310 dose titration (M3),M3,PAC-3310 agonism,-10.0,1,rise-decay fit,46.62146137748873,108.62669540795189,69.93708322338439,69.18368440258887,0.0,46.62146137748873,0.0688494648189949
PAC-3310 dose titration (M3),M3,PAC-3310 agonism,-10.0,2,rise-decay fit,47.82713942312469,1.6898193661492198,99.99999999999999,499.99999999999045,201.17973905426112,48.73117967774364,0.23258914490408722
PAC-3310 dose titration (M3),M3,PAC-3310 agonism,-10.0,3,rise-decay fit,47.05205114578525,2.9523286549725944,99.99999999999999,499.99999999999994,201.1797390542625,48.63152407787885,0.4557695172062176
PAC-3310 dose titration (M3),M3,PAC-3310 agonism,-10.0,4,rise-decay fit,49.17866894247167,78.18314151055569,57.171580906722006,56.64998204804979,0.0,49.17866894247167,0.06367073604500773
PAC-3310 dose titration (M3),M3,PAC-3310 agonism,-11.0,1,rise-decay fit,48.935215476710106,1.5233813089472092,74.56865636040298,7.153864103895577,0.0,48.935215476710106,0.3265130421278257
PAC-3310 dose titration (M3),M3,PAC-3310 agonism,-11.0,2,rise-decay fit,48.04691656659134,1.6457226375704848,77.59485228879876,6.261037010721965,0.0,48.04691656659134,0.4036690948379478
PAC-3310 dose titration (M3),M3,PAC-3310 agonism,-11.0,3,rise-decay fit,45.87834553066624,3.771586135283416,99.99999999999999,499.99999999999994,201.1797390542625,47.89611486054966,0.6906835894726648
PAC-3310 dose titration (M3),M3,PAC-3310 agonism,-11.0,4,rise-decay fit,48.09163835744716,2.986849781421408,98.60022839280026,499.99999999984254,199.40329547261612,49.70087901293997,0.4484896323755041
PAC-3310 dose titration (M3),M3,PAC-3310 agonism,Vehicle Control,1,rise-decay fit,44.86791814474593,1364.2853904933966,47.725286608801255,47.98289476768427,47.853859561850726,47.569709553961054,0.7806744730535297
PAC-3310 dose titration (M3),M3,PAC-3310 agonism,Vehicle Control,2,rise-decay fit,43.1724381868554,2.0405918745251763,76.2437139524323,0.15055836203105333,0.0,43.1724381868554,0.5692553021146188
PAC-3310 dose titration (M3),M3,PAC-3310 agonism,Vehicle Control,3,rise-decay fit,44.01566004213856,2.155176343073711,60.780960222874086,0.13935825556911718,0.0,44.01566004213856,0.5158557422520511
PAC-3310 dose titration (M3),M3,PAC-3310 agonism,Vehicle Control,4,rise-decay fit,45.84076285866249,2.3544894907273126,90.34422829844166,3.1235295065104838,0.0,45.84076285866249,0.5212179817498721
PAC-3310 + 100 nM carbachol (M3),M3,PAC-3310 antagonism,-5.0,1,rise-decay fit,51.60900551645757,15.858691255768647,3.2941127027562476,75.85913102419889,10.801839032662459,64.7656798634926,0.8207311362714117
PAC-3310 + 100 nM carbachol (M3),M3,PAC-3310 antagonism,-5.0,2,rise-decay fit,57.16165190638066,5529.821452181115,53.22747701744725,53.53232582795965,53.3796112605929,68.7794534780443,0.9510244973021996
PAC-3310 + 100 nM carbachol (M3),M3,PAC-3310 antagonism,-5.0,3,rise-decay fit,55.5239376096301,3638.8233448127176,61.83013186960502,62.32682318138437,62.07781518362533,66.23452168754866,0.9843937498337607
PAC-3310 + 100 nM carbachol (M3),M3,PAC-3310 antagonism,-5.0,4,rise-decay fit,51.895024964890496,4204.173569116704,71.83441956063751,72.26340341294255,72.04848578646076,61.103767231866414,0.980187846136251
PAC-3310 + 100 nM carbachol (M3),M3,PAC-3310 antagonism,-6.0,1,rise-decay fit,53.190132066119176,17.383616511126675,23.17727913972695,71.56915247908492,38.64819749665758,60.03968905974551,0.9242686674288556
PAC-3310 + 100 nM carbachol (M3),M3,PAC-3310 antagonism,-6.0,2,rise-decay fit,60.46302864838974,6627.472180987776,55.57146742660411,55.850942882016,55.71097148908263,72.6938326354056,0.953050602555107
PAC-3310 + 100 nM carbachol (M3),M3,PAC-3310 antagonism,-6.0,3,rise-decay fit,56.13026876913305,5687.763191694175,58.550344483807194,58.815789862995054,58.68286705513686,65.59503211456529,0.9480678733052301
PAC-3310 + 100 nM carbachol (M3),M3,PAC-3310 antagonism,-6.0,4,rise-decay fit,55.97339173211525,7315.955987883915,67.38437551594902,67.6188340187491,67.50146904015104,65.32160711815429,0.9717052301075008
PAC-3310 + 100 nM carbachol (M3),M3,PAC-3310 antagonism,-7.0,1,rise-decay fit,51.4114217354357,21.374541853155556,27.91442342787545,69.03322984209855,42.43343306299805,58.296778364619534,0.9259200875690801
PAC-3310 + 100 nM carbachol (M3),M3,PAC-3310 antagonism,-7.0,2,rise-decay fit,56.208333252974874,7462.325729002748,58.915263586380156,59.14299005818277,59.02898039913093,66.79909377681899,0.9629223225202408
PAC-3310 + 100 nM carbachol (M3),M3,PAC-3310 antagonism,-7.0,3,rise-decay fit,55.38443417335458,4593.908842496482,52.35812236511462,52.67702778982677,52.5172523256505,65.64676002611257,0.931979112719476
PAC-3310 + 100 nM carbachol (M3),M3,PAC-3310 antagonism,-7.0,4,rise-decay fit,55.33716260083386,5963.314193778972,72.05474623308227,72.3127640292692,72.18360141878483,63.178743578009765,0.9599346002716873
PAC-3310 + 100 nM carbachol (M3),M3,PAC-3310 antagonism,-8.0,1,rise-decay fit,52.1669162077632,4882.489066279774,42.19382849594683,42.427873864126546,42.31063540671202,62.10255145970282,0.9607615811024844
PAC-3310 + 100 nM carbachol (M3),M3,PAC-3310 antagonism,-8.0,2,rise-decay fit,55.75924115193034,6689.0105128457,55.83856714334343,56.0393247329503,55.93882585593043,64.59055509492651,0.9315857631235587
PAC-3310 + 100 nM carbachol (M3),M3,PAC-3310 antagonism,-8.0,3,rise-decay fit,55.27723213372634,6677.235503605302,56.78588412192776,57.01329950237245,56.89944032366813,65.09500959030487,0.920413309516898
PAC-3310 + 100 nM carbachol (M3),M3,PAC-3310 antagonism,-8.0,4,rise-decay fit,55.35166469213248,8802.036786672837,68.04421459432977,68.23584855933758,68.13994175300385,64.45832203206272,0.969067839768009
PAC-3310 + 100 nM carbachol (M3),M3,PAC-3310 antagonism,-9.0,1,rise-decay fit,50.24922951519469,32.059130767668,33.93326048720981,56.81283735380029,43.425055883032215,56.26095323717134,0.949344010198954
PAC-3310 + 100 nM carbachol (M3),M3,PAC-3310 antagonism,-9.0,2,rise-decay fit,55.72887968116133,4730.4599213207985,54.46484225575465,54.742254637741446,54.60331354831094,64.57014304090973,0.9301012231312903
PAC-3310 + 100 nM carbachol (M3),M3,PAC-3310 antagonism,-9.0,3,rise-decay fit,53.75692217770263,6615.3948655550985,57.357807109801804,57.58825695914181,57.47287802839803,63.51521621468787,0.9231905078357088
PAC-3310 + 100 nM carbachol (M3),M3,PAC-3310 antagonism,-9.0,4,rise-decay fit,56.11911967990652,5569.1226821887685,65.1592827554031,65.42892348744711,65.2939175350233,64.57977784188756,0.9512229080380754
PAC-3310 + 100 nM carbachol (M3),M3,PAC-3310 antagonism,-10.0,1,rise-decay fit,49.86099634850952,2096.418864316038,48.39775843668119,48.73310544029876,48.56504600595745,55.18638875146675,0.9299152116903844
PAC-3310 + 100 nM carbachol (M3),M3,PAC-3310 antagonism,-10.0,2,rise-decay fit,52.669172562989296,5635.839037510536,54.50604029286321,54.74039385871538,54.623049498558906,61.564434136912126,0.9215690704666586
PAC-3310 + 100 nM carbachol (M3),M3,PAC-3310 antagonism,-10.0,3,rise-decay fit,53.0225839922137,6803.499263912225,55.993290346742825,56.2073619117243,56.100189984248274,62.57320742432433,0.9485492391499291
PAC-3310 + 100 nM carbachol (M3),M3,PAC-3310 antagonism,-10.0,4,rise-decay fit,53.169244651901195,5267.4536477316515,62.80108334262729,63.06099391923585,62.9308597219577,61.17248026468639,0.9499797231008195
PAC-3310 + 100 nM carbachol (M3),M3,PAC-3310 antagonism,-11.0,1,rise-decay fit,53.51535919918089,23.207080532930256,30.580177413832075,64.2807487379003,43.33300512183538,59.71561773280563,0.9280355318478655
PAC-3310 + 100 nM carbachol (M3),M3,PAC-3310 antagonism,-11.0,2,rise-decay fit,54.89518538456312,5552.708522300735,58.243199145715614,58.51613306810372,58.3794534386643,64.44525857814779,0.946834775745133
PAC-3310 + 100 nM carbachol (M3),M3,PAC-3310 antagonism,-11.0,3,rise-decay fit,56.200296239757016,5931.395826727,56.990492957995706,57.24899174065313,57.11954737386185,66.07524972044745,0.9366220494726791
PAC-3310 + 100 nM carbachol (M3),M3,PAC-3310 antagonism,-11.0,4,rise-decay fit,55.494459694460346,6081.078410627908,69.9661649064128,70.2343230212061,70.1000729971507,64.05217433270215,0.9647368943776765
PAC-3310 + 100 nM carbachol (M3),M3,PAC-3310 antagonism,Carbachol-only Control (100 nM),1,rise-decay fit,52.87581523856843,5.845281380276979,99.99999999999423,2.4901005689365543,0.0,52.87581523856843,0.7043305791707553
PAC-3310 + 100 nM carbachol (M3),M3,PAC-3310 antagonism,Carbachol-only Control (100 nM),2,rise-decay fit,52.029196984615744,12.325849983274928,57.46717053470185,180.10850798138017,96.4083608348385,56.94337256389052,0.8062830636575006
PAC-3310 + 100 nM carbachol (M3),M3,PAC-3310 antagonism,Carbachol-only Control (100 nM),3,rise-decay fit,52.48531982033706,3.700799380462135,23.68702063042678,499.99999999999994,75.8302381108386,55.514692095934166,0.558220915775334
PAC-3310 + 100 nM carbachol (M3),M3,PAC-3310 antagonism,Carbachol-only Control (100 nM),4,rise-decay fit,52.42217809973078,833.9583896234045,36.25275367402633,36.7778872660371,36.51406178309487,56.834308368339705,0.9087229599053288
Carbachol dose titration (M5),M5,Carbachol agonism,-5.0,1,rise-decay fit,97.5645673656368,14.999570402595571,5.9854428934146995,112.47165155769967,18.54440800205154,109.60722450152221,0.924678405108991
Carbachol dose titration (M5),M5,Carbachol agonism,-5.0,2,rise-decay fit,105.62951086650104,21216.907839206164,53.73781181683007,53.917005269494396,53.82730911949084,131.61353879087025,0.9759288786749913
Carbachol dose titration (M5),M5,Carbachol agonism,-5.0,3,rise-decay fit,101.17988392064265,19006.00940357321,59.238011846014246,59.46742730292417,59.35257178148949,128.20569771099636,0.9750059747376824
Carbachol dose titration (M5),M5,Carbachol agonism,-5.0,4,rise-decay fit,99.01441277591827,13548.28365775165,57.11262596771282,57.41020753421651,57.26115900059331,124.9164679535954,0.9723209575919503
Carbachol dose titration (M5),M5,Carbachol agonism,-6.0,1,rise-decay fit,84.99142815998594,24.99584712625238,5.259603680933602,25.676891063885495,10.487535658662038,98.20253193184077,0.8310829308866532
Carbachol dose titration (M5),M5,Carbachol agonism,-6.0,2,rise-decay fit,88.44784048844652,12520.150870282438,51.65594903366628,51.90333513230331,51.7794450945262,110.45336582639777,0.9695917065080011
Carbachol dose titration (M5),M5,Carbachol agonism,-6.0,3,rise-decay fit,84.55751531382442,11035.16134148436,53.331717042288794,53.63438963950772,53.482767858420615,107.53178396316127,0.962604976902363
Carbachol dose titration (M5),M5,Carbachol agonism,-6.0,4,rise-decay fit,85.25418207050684,18540.487992431597,60.03116866763411,60.22372778321664,60.12734544643207,107.09747822218227,0.9777320539700314
Carbachol dose titration (M5),M5,Carbachol agonism,-7.0,1,rise-decay fit,63.33752880689401,21.261781587047704,4.182819896134128,32.45406475219538,9.837877012261748,77.01566041238581,0.8331726804519717
Carbachol dose titration (M5),M5,Carbachol agonism,-7.0,2,rise-decay fit,68.7345067419039,7306.8814057262925,57.8896087688012,58.158339850859704,58.023766876976424,81.18390595165394,0.9815288027812505
Carbachol dose titration (M5),M5,Carbachol agonism,-7.0,3,rise-decay fit,67.10577605457196,7156.226458080501,60.255766972744226,60.537304184466144,60.396316848378696,79.37773133764226,0.9812151610815749
Carbachol dose titration (M5),M5,Carbachol agonism,-7.0,4,rise-decay fit,64.2260177119996,798.8528281148807,59.08208767993921,61.097818074484216,60.07868255811246,74.08479919019406,0.979618481849949
Carbachol dose titration (M5),M5,Carbachol agonism,-8.0,1,rise-decay fit,56.50374839297752,8.324512339140243,2.5520405717282384,52.25503512539558,8.100861918902371,63.28463531326319,0.7915100275050136
Carbachol dose titration (M5),M5,Carbachol agonism,-8.0,2,rise-decay fit,64.83694829347085,39.55395359647041,53.25371851335848,120.34884627933398,77.88120820012003,76.38196251651647,0.9893254235404468
Carbachol dose titration (M5),M5,Carbachol agonism,-8.0,3,rise-decay fit,65.76638054656325,3699.974989698367,79.0609013453374,79.62702060421535,79.34328776279384,75.47817047628695,0.9776673790565585
Carbachol dose titration (M5),M5,Carbachol agonism,-8.0,4,rise-decay fit,61.871111570309886,16.118904319314737,36.99111981488018,181.26199175890466,73.86216716370193,70.4067781630429,0.9733656847071874
Carbachol dose titration (M5),M5,Carbachol agonism,-9.0,1,rise-decay fit,54.78270548550876,5.915397298581421,21.77750288472812,67.62776364690403,36.39781432657192,57.124020595315585,0.7811289104204051
Carbachol dose titration (M5),M5,Carbachol agonism,-9.0,2,rise-decay fit,60.34847218833039,26.367629412539817,52.53133507638199,158.54423495389497,86.78098409383992,70.5476071461377,0.9734914049520773
Carbachol dose titration (M5),M5,Carbachol agonism,-9.0,3,rise-decay fit,61.138416793628615,18.30114510707209,42.49564605152112,182.74443787812115,80.77028186792619,70.16621043239888,0.9784841031290037
Carbachol dose titration (M5),M5,Carbachol agonism,-9.0,4,rise-decay fit,59.40044351869736,12.296007125281038,36.43572512653044,144.9636480299771,67.20749735191428,65.19073631700965,0.9512649841894593
Carbachol dose titration (M5),M5,Carbachol agonism,-10.0,1,rise-decay fit,51.26226718057019,25.88040724987884,10.441506377568453,22.720386930783814,15.021242200231788,58.48309336025678,0.8461730699276869
Carbachol dose titration (M5),M5,Carbachol agonism,-10.0,2,rise-decay fit,59.45018413284987,17.755944379140633,43.556328342593,287.2401822859271,96.84386570550978,70.20249185038644,0.9782645641603748
Carbachol dose titration (M5),M5,Carbachol agonism,-10.0,3,rise-decay fit,59.02881075354669,18.847878436050205,45.89390314339659,194.93167714640512,86.81694570876047,68.25992602450977,0.9730106409538121
Carbachol dose titration (M5),M5,Carbachol agonism,-10.0,4,rise-decay fit,57.6810470295513,14.325286748730216,36.65629300160934,286.89093744130787,86.46918621550111,66.9245627491956,0.9727722082612847
Carbachol dose titration (M5),M5,Carbachol agonism,-11.0,1,rise-decay fit,51.31768445744788,1627.649983773695,12.880351359269154,12.994254055313341,12.937135569483704,56.58947568284226,0.7871579609973879
Carbachol dose titration (M5),M5,Carbachol agonism,-11.0,2,rise-decay fit,57.9901007210689,14.87963787232241,40.77259430324243,298.6538833276567,94.02599957776005,67.36818079606547,0.9728754437814627
Carbachol dose titration (M5),M5,Carbachol agonism,-11.0,3,rise-decay fit,54.557941177552586,14.611322353921016,48.77283939351155,214.88905719688572,93.56346873197295,61.86586271790927,0.9438106064970091
Carbachol dose titration (M5),M5,Carbachol agonism,-11.0,4,rise-decay fit,55.72315829630493,13.602999625778596,48.52887279188598,228.99751737368436,95.54228420977228,62.78648734653358,0.9469766016515783
Carbachol dose titration (M5),M5,Carbachol agonism,Vehicle Control,1,rise-decay fit,45.59167926963585,9.745926539614379,99.9999999985553,499.99999999999994,201.17973905243537,50.805674378777354,0.8981138680800572
Carbachol dose titration (M5),M5,Carbachol agonism,Vehicle Control,2,rise-decay fit,51.03612035027924,9.187105850962597,50.28158693443172,499.99999999999994,128.4084115856885,57.42780376967415,0.9227716931414102
Carbachol dose titration (M5),M5,Carbachol agonism,Vehicle Control,3,rise-decay fit,51.10435787341262,921.8820415003098,73.51307857566346,74.3292808519797,73.91967768553586,54.84901442390547,0.8921269199947965
Carbachol dose titration (M5),M5,Carbachol agonism,Vehicle Control,4,rise-decay fit,46.47383594596707,8.01817404386254,35.329693659838235,489.3920153239484,100.08738922557164,52.537217219452515,0.9064733252492662
PAC-3310 dose titration (M5),M5,PAC-3310 agonism,-5.0,1,rise-decay fit,52.670161225224575,3.7750623823278473,37.363726469843265,499.99999999999807,104.74541775263847,55.502942843145924,0.6687662558556093
PAC-3310 dose titration (M5),M5,PAC-3310 agonism,-5.0,2,rise-decay fit,58.84065989894344,7.009185436750424,59.87901586031792,499.9999999999789,144.36957174610643,63.46310545080603,0.815436760334223
PAC-3310 dose titration (M5),M5,PAC-3310 agonism,-5.0,3,rise-decay fit,54.84001589529315,6.30296420697787,20.562144817894332,424.91261159598884,65.43767794921357,59.98188074440111,0.7833102988742707
PAC-3310 dose titration (M5),M5,PAC-3310 agonism,-5.0,4,rise-decay fit,57.16610103327555,2.61202451794296,8.763085911960983,499.99999999999994,36.07062503145279,59.55373469167154,0.5849190401855082
PAC-3310 dose titration (M5),M5,PAC-3310 agonism,-6.0,1,rise-decay fit,58.50123558992473,9.888067616250714,42.170409545664086,499.9999999999283,113.88817751711996,65.71103642209006,0.9211193009943146
PAC-3310 dose titration (M5),M5,PAC-3310 agonism,-6.0,2,rise-decay fit,58.48552034509296,5.482187098840682,25.888489472567798,499.9999999999993,80.83635153641818,62.907846662439965,0.8502882190455805
PAC-3310 dose titration (M5),M5,PAC-3310 agonism,-6.0,3,rise-decay fit,56.48288318396695,7.923150975477228,26.49976120312649,499.99999999999994,82.19881442976292,62.84865616341183,0.8678200900105566
PAC-3310 dose titration (M5),M5,PAC-3310 agonism,-6.0,4,rise-decay fit,55.949684107413034,6.492090157171683,32.772072674566296,499.9999999999918,95.5689091806915,60.96078598158744,0.8556461457079112
PAC-3310 dose titration (M5),M5,PAC-3310 agonism,-7.0,1,rise-decay fit,56.42591705511147,10.002292619517629,34.23377226171816,498.2802634785737,98.43950497614193,64.07111605076307,0.9541115504662148
PAC-3310 dose titration (M5),M5,PAC-3310 agonism,-7.0,2,rise-decay fit,55.346175532688534,6.1523325430709415,31.95225875860066,499.9999999999996,93.8797194774775,60.11945720394538,0.848222521270949
PAC-3310 dose titration (M5),M5,PAC-3310 agonism,-7.0,3,rise-decay fit,59.419285117206684,8.490486760485,34.68466678698544,499.99999999999994,99.44810551275366,65.89563676387954,0.866237846243082
PAC-3310 dose titration (M5),M5,PAC-3310 agonism,-7.0,4,rise-decay fit,53.07434954222548,7.573344797582936,27.20166160560708,499.9999999999997,83.74925216495758,59.13124378725992,0.9177143949767074
PAC-3310 dose titration (M5),M5,PAC-3310 agonism,-8.0,1,rise-decay fit,57.009901727026154,8.46852355293474,32.51568798917609,432.52493668045497,90.98807145223448,63.355992205273196,0.9380090015014775
PAC-3310 dose titration (M5),M5,PAC-3310 agonism,-8.0,2,rise-decay fit,62.38398543375576,5.884627233138306,26.509922546559356,177.42023166486828,59.24821467088709,65.96829238631837,0.84857115517421
PAC-3310 dose titration (M5),M5,PAC-3310 agonism,-8.0,3,rise-decay fit,59.92502472659853,6.5338390641275526,22.64168645295573,338.22395962974156,65.61356919419353,64.94643777580316,0.8979307501379834
PAC-3310 dose titration (M5),M5,PAC-3310 agonism,-8.0,4,rise-decay fit,55.76891989192292,6.2986463290497126,26.769645426439734,475.3091263456798,81.60413807325085,60.77513223824744,0.8442624379468923
PAC-3310 dose titration (M5),M5,PAC-3310 agonism,-9.0,1,rise-decay fit,58.888986475612505,9.348954800723863,34.20890988576408,396.9743969708289,91.76718518827629,65.66902537898386,0.9302228007351697
PAC-3310 dose titration (M5),M5,PAC-3310 agonism,-9.0,2,rise-decay fit,59.90010824849324,4.079400182257438,16.767915949263074,213.24110921203354,46.27917380392637,62.92545290933558,0.8215476204667256
PAC-3310 dose titration (M5),M5,PAC-3310 agonism,-9.0,3,rise-decay fit,54.59920575640904,5.23400119174048,18.171510265558478,499.99999999999994,62.50571653911639,59.05027666392913,0.8139139614566482
PAC-3310 dose titration (M5),M5,PAC-3310 agonism,-9.0,4,rise-decay fit,54.2229569018806,4.616130706553718,22.26657895852491,447.8168667268152,70.3253827221367,57.97205425826346,0.782678167273207
PAC-3310 dose titration (M5),M5,PAC-3310 agonism,-10.0,1,rise-decay fit,58.671731496794585,11.463002650910962,7.220765031391769,72.27117443026177,18.47905698738183,66.66157579263796,0.8206779792599315
PAC-3310 dose titration (M5),M5,PAC-3310 agonism,-10.0,2,rise-decay fit,60.50877969501076,8.306259840962356,19.935398957022592,68.36073765809806,34.679756280869235,64.05162018426904,0.8644327002415992
PAC-3310 dose titration (M5),M5,PAC-3310 agonism,-10.0,3,rise-decay fit,60.878263827214745,1170.5047575761525,40.788029224086465,41.28001160123947,41.03303729184123,66.04108139354078,0.9225947002424046
PAC-3310 dose titration (M5),M5,PAC-3310 agonism,-10.0,4,rise-decay fit,54.27014570238349,5.01580138431103,61.38190663469552,499.99999999999994,146.76562667738042,57.55093142083159,0.693250600195476
PAC-3310 dose titration (M5),M5,PAC-3310 agonism,-11.0,1,rise-decay fit,55.288119232977046,7.358034625351758,36.36286273333667,499.999999999943,102.78431227911021,60.84322995043399,0.8531688671495421
PAC-3310 dose titration (M5),M5,PAC-3310 agonism,-11.0,2,rise-decay fit,55.51127224009901,6.750824029532222,49.41726315366709,499.9999999999999,126.90985680985213,60.23112913199051,0.8836133772196242
PAC-3310 dose titration (M5),M5,PAC-3310 agonism,-11.0,3,rise-decay fit,55.502646457521045,5.056093489329607,39.697080709626796,499.99999999999994,109.23874150255841,59.24379761044186,0.8194953439888064
PAC-3310 dose titration (M5),M5,PAC-3310 agonism,-11.0,4,rise-decay fit,57.53589113060683,5.88584541739575,15.695531784581819,0.1795245275154178,0.0,57.53589113060683,0.4341218827874319
PAC-3310 dose titration (M5),M5,PAC-3310 agonism,Vehicle Control,1,rise-decay fit,52.12839058327727,6.330420847231202,53.21271740042605,499.99999999999864,133.4113837172506,56.4603434816965,0.8403914578551888
PAC-3310 dose titration (M5),M5,PAC-3310 agonism,Vehicle Control,2,rise-decay fit,50.534036948843344,5.030043841230715,41.636913839620874,499.99999999999835,112.894765529024,54.21322726477841,0.7731000782777709
PAC-3310 dose titration (M5),M5,PAC-3310 agonism,Vehicle Control,3,rise-decay fit,50.86027906299697,4.7394850080717,36.4743345573031,499.99999999998084,103.00376824924429,54.43602784381278,0.7821349337950824
PAC-3310 dose titration (M5),M5,PAC-3310 agonism,Vehicle Control,4,rise-decay fit,51.50992982034043,5.963271796602312,34.994690295453594,499.99999999999994,100.06906240322289,56.04990656913267,0.864011267209756
PAC-3310 + 500 nM carbachol (M5),M5,PAC-3310 antagonism,-5.0,1,rise-decay fit,69.52568281609385,8.3579712192101,43.34323260598028,499.9999999999512,116.05437781456922,75.5779377511908,0.8941093002286
PAC-3310 + 500 nM carbachol (M5),M5,PAC-3310 antagonism,-5.0,2,rise-decay fit,65.59281027179992,11.635942668993815,38.78973620989508,499.99999999999994,107.50423688701582,74.24953361436725,0.9670352874864384
PAC-3310 + 500 nM carbachol (M5),M5,PAC-3310 antagonism,-5.0,3,rise-decay fit,72.54129272341088,1894.500986630848,90.83075852476718,91.29673689971352,91.06335030541449,76.10761897603955,0.8334630809066003
PAC-3310 + 500 nM carbachol (M5),M5,PAC-3310 antagonism,-5.0,4,rise-decay fit,67.40904980637016,8.09811762740847,53.2679022493697,270.16984011833523,107.73314234653333,71.77251012492337,0.836926954930948
PAC-3310 + 500 nM carbachol (M5),M5,PAC-3310 antagonism,-6.0,1,rise-decay fit,65.20124490006499,10.563560188985369,38.2679518593043,279.8386408212275,88.19917397710852,71.85499527934964,0.9427883564105454
PAC-3310 + 500 nM carbachol (M5),M5,PAC-3310 antagonism,-6.0,2,rise-decay fit,65.98560800042198,11.135310664918919,36.7604407749428,331.4739840756204,90.92438722102516,73.51092156688176,0.9270508045685888
PAC-3310 + 500 nM carbachol (M5),M5,PAC-3310 antagonism,-6.0,3,rise-decay fit,66.4678322314884,10.144837579965655,31.988224118516563,495.96303734225995,93.72926963906087,74.32408263443936,0.9252551053948883
PAC-3310 + 500 nM carbachol (M5),M5,PAC-3310 antagonism,-6.0,4,rise-decay fit,64.80634450130758,9.803791163064975,44.30828063920915,499.9999999219198,117.81902187089004,71.86559969206107,0.9321967835628272
PAC-3310 + 500 nM carbachol (M5),M5,PAC-3310 antagonism,-7.0,1,rise-decay fit,68.39717737829882,12.141389207528599,45.075287136818304,193.24837940129436,85.57356880113234,74.37590966918476,0.9302484262087378
PAC-3310 + 500 nM carbachol (M5),M5,PAC-3310 antagonism,-7.0,2,rise-decay fit,67.45340644788895,13.501255411689808,43.87734366938399,228.48625305107058,89.60911896694658,74.82298242572142,0.9418202738144928
PAC-3310 + 500 nM carbachol (M5),M5,PAC-3310 antagonism,-7.0,3,rise-decay fit,65.40256176782006,11.72105053000093,50.04783204373122,163.13833493808372,85.30858678471317,70.21909553299486,0.9212621978704696
PAC-3310 + 500 nM carbachol (M5),M5,PAC-3310 antagonism,-7.0,4,rise-decay fit,66.72782828724556,612.5030414199497,64.69027411113927,65.13427369676154,64.91176774365788,68.26906858663155,0.6047190160947493
PAC-3310 + 500 nM carbachol (M5),M5,PAC-3310 antagonism,-8.0,1,rise-decay fit,71.06760543102034,2125.4433756910985,94.78057885181109,95.3981561824504,95.0886990186894,76.14586865403625,0.9334724967115647
PAC-3310 + 500 nM carbachol (M5),M5,PAC-3310 antagonism,-8.0,2,rise-decay fit,67.25158838655362,17.591614989844736,60.67798119127785,165.5423649010775,96.13752549285,73.4862257895045,0.9447987224147056
PAC-3310 + 500 nM carbachol (M5),M5,PAC-3310 antagonism,-8.0,3,rise-decay fit,65.28240729497176,10.977133085144636,52.3997814999108,206.43036436478323,96.2837028009193,70.41997697920978,0.9188260063242097
PAC-3310 + 500 nM carbachol (M5),M5,PAC-3310 antagonism,-8.0,4,rise-decay fit,65.67798363210838,7.0860518836552835,42.1989649050284,252.25638795939489,90.61198977710863,69.7980009002134,0.847632433820355
PAC-3310 + 500 nM carbachol (M5),M5,PAC-3310 antagonism,-9.0,1,rise-decay fit,67.66298086288901,5.301882006051393,0.1504645643012832,108.76817103477511,0.9919174746078928,72.90946407507363,0.5985308219793111
PAC-3310 + 500 nM carbachol (M5),M5,PAC-3310 antagonism,-9.0,2,rise-decay fit,69.49041842939484,2629.540456740061,61.120450952519086,61.418699394818354,61.269333204091915,74.19931464805948,0.8151714252585958
PAC-3310 + 500 nM carbachol (M5),M5,PAC-3310 antagonism,-9.0,3,rise-decay fit,67.00871522271146,1311.8094403636558,71.03999721338727,71.54089479268528,71.28985943775216,70.3994573690758,0.8543870647215794
PAC-3310 + 500 nM carbachol (M5),M5,PAC-3310 antagonism,-9.0,4,rise-decay fit,63.99030046445003,1.5673104999909526,0.01674057348974586,139.40745355959874,0.15114067884741944,65.55572465744811,0.3388647158571705
PAC-3310 + 500 nM carbachol (M5),M5,PAC-3310 antagonism,-10.0,1,rise-decay fit,67.79617196370799,9.208917011768964,0.05924909471433215,67.53906574657327,0.41740342229044447,76.94032292580593,0.6054311306817534
PAC-3310 + 500 nM carbachol (M5),M5,PAC-3310 antagonism,-10.0,2,rise-decay fit,64.52346219510548,2691.411252755025,78.01472180817252,78.35206771009074,78.18315216208725,68.79561554881866,0.8797769055942507
PAC-3310 + 500 nM carbachol (M5),M5,PAC-3310 antagonism,-10.0,3,rise-decay fit,61.26187978151224,9.53796576453962,48.70887688104173,302.6157065798594,106.0398795661097,66.89899748142648,0.8785412573288298
PAC-3310 + 500 nM carbachol (M5),M5,PAC-3310 antagonism,-10.0,4,rise-decay fit,64.8929485113972,2.1243829317156946,0.37154260672673883,129.83240985225586,2.182123018040671,66.97594678728974,0.3799265051260049
PAC-3310 + 500 nM carbachol (M5),M5,PAC-3310 antagonism,-11.0,1,rise-decay fit,61.14437800219369,9.263672650183779,40.774879903268236,336.65693809612753,97.93760873405469,67.2309491220262,0.9310037863013064
PAC-3310 + 500 nM carbachol (M5),M5,PAC-3310 antagonism,-11.0,2,rise-decay fit,64.38354149802366,10.439333609683194,29.64646925515192,326.1960365331191,78.20449285328088,71.85096238052542,0.937682337923869
PAC-3310 + 500 nM carbachol (M5),M5,PAC-3310 antagonism,-11.0,3,rise-decay fit,61.307465928724916,10.012068785020553,37.30887068922057,355.8578883784616,93.99761114322855,68.18935005771762,0.9235180287280635
PAC-3310 + 500 nM carbachol (M5),M5,PAC-3310 antagonism,-11.0,4,rise-decay fit,67.2184423716201,8.58762039272359,39.338087760861946,499.9999999999993,108.55438402130757,73.58633893592992,0.8757355488675855
PAC-3310 + 500 nM carbachol (M5),M5,PAC-3310 antagonism,Carbachol-only Control (500 nM),1,rise-decay fit,57.440644793129614,7.871131028006122,41.40290697600407,334.24527819013423,98.6964813649812,62.5735897299111,0.8837523935435023
PAC-3310 + 500 nM carbachol (M5),M5,PAC-3310 antagonism,Carbachol-only Control (500 nM),2,rise-decay fit,63.62756613250824,9.514838209881262,38.80981595896915,396.32568841832153,99.96614668256903,70.29719102808144,0.9277061962124283
PAC-3310 + 500 nM carbachol (M5),M5,PAC-3310 antagonism,Carbachol-only Control (500 nM),3,rise-decay fit,61.78960220583493,10.910125550544556,41.03624001648743,320.89501166243343,96.77290371744739,68.82736643790213,0.926562056534164
PAC-3310 + 500 nM carbachol (M5),M5,PAC-3310 antagonism,Carbachol-only Control (500 nM),4,rise-decay fit,62.28713754896039,10.255862205313454,52.21071430504793,499.99999999999994,131.71455203914567,69.34494920276235,0.9640442173233422
